file_name,plate_number
0001.png,3803УБЧ
0002.png,5791УБВ
0003.png,1760УНЭ
0004.png,1407УНУ
0005.png,1861УНЛ
0006.png,1248УБП
0007.png,4181ДАР
0008.png,2462УБА
0009.png,8509УНҮ
0010.png,9847УБД
0011.png,6509УНТ
0012.png,9402УНТ
0013.png,5555УБЭ
0014.png,2871УБҮ
0015.png,4195ХӨА
0016.png,9613УНР
0017.png,8959УНҮ
0018.png,5205ТӨҮ
0019.png,8318ДАР
0020.png,9514УНЦ
0021.png,8199УНИ
0022.png,9652УБО
0023.png,0616УНА
0024.png,1207ОРО
0025.png,3698УНУ
0026.png,2380УБД
0027.png,0688УБК
0028.png,8054УБН
0029.png,6338ОРА
0030.png,7734УБА
0031.png,2471УНЭ
0032.png,1204ОРО
0033.png,5111ДАХ
0034.png,5525ТӨА
0035.png,6194БНА
0036.png,7377УНО
0037.png,0546УББ
0038.png,9465УБЕ
0039.png,2177УБЛ
0040.png,5426УНЧ
0041.png,0291ХӨА
0042.png,5709ТӨА
0043.png,0138УНХ
0044.png,6649УНЛ
0045.png,7279УНК
0046.png,7384УНТ
0047.png,7676УБИ
0048.png,6955УБА
0049.png,3284УБЧ
0050.png,2030ДАР
0051.png,3863УБП
0052.png,3017ДАХ
0053.png,6392УНА
0054.png,6624ТӨВ
0055.png,1045УНК
0056.png,6049УӨА
0057.png,6449УНК
0058.png,0861УБЦ
0059.png,0093ДАХ
0060.png,3304УНМ
0061.png,0689УНЗ
0062.png,4385УБЦ
0063.png,6619УНД
0064.png,5668ТӨВ
0065.png,5695УБК
0066.png,3604УНӨ
0067.png,5507УБД
0068.png,4420БУА
0069.png,0136ДАХ
0070.png,3773ДАХ
0071.png,1522ОРХ
0072.png,8393ДАА
0073.png,4520УНЧ
0074.png,9103СЭА
0075.png,6732УНБ
0076.png,7858УНС
0077.png,3401УНЦ
0078.png,5686ДАР
0079.png,5089СЭҮ
0080.png,3044ОРХ
0081.png,8729ДАР
0082.png,7377УНО
0083.png,0123УБС
0084.png,6713УБӨ
0085.png,8289ДАА
0086.png,0416УНВ
0087.png,9949УНҮ
0088.png,3101ТӨВ
0089.png,4847УНЧ
0090.png,5670ДАР
0091.png,1427УБЭ
0092.png,2337УББ
0093.png,7554УБИ
0094.png,7091УНО
0095.png,6075УБН
0096.png,8575УБЛ
0097.png,7044УБП
0098.png,1053УБГ
0099.png,4875ДАР
0100.png,5603УНИ
0101.png,7194УББ
0102.png,4475ТӨВ
0103.png,8082УНЗ
0104.png,1611ХӨҮ
0105.png,2868ДАР
0106.png,1484ДАР
0107.png,8379УНХ
0108.png,2677УНТ
0109.png,9879УБО
0110.png,4996УНЯ
0111.png,9667ТӨВ
0112.png,6208УНЦ
0113.png,9487УБВ
0114.png,5005УНА
0115.png,8188УНИ
0116.png,7424СЭА
0117.png,6618УНБ
0118.png,5759СЭА
0119.png,3863УБП
0120.png,4832УБУ
0121.png,6836УНЦ
0122.png,2299ДАА
0123.png,1125ОРО
0124.png,5161ДАР
0125.png,2033УБЗ
0126.png,2686УБИ
0127.png,3558УББ
0128.png,5442УНЦ
0129.png,9158УНР
0130.png,2774УБВ
0131.png,0627УНҮ
0132.png,3132УБС
0133.png,1106УБД
0134.png,1428УНС
0135.png,0459УНЯ
0136.png,7767СЭҮ
0137.png,3453УНИ
0138.png,9011СЭҮ
0139.png,1181ОРА
0140.png,5020УНЛ
0141.png,6503ДӨВ
0142.png,1135ОРХ
0143.png,4743УБУ
0144.png,5672ТӨА
0145.png,5519СБА
0146.png,0706ДАХ
0147.png,0257ДАР
0148.png,5177УБЛ
0149.png,6866ДАХ
0150.png,5682ТӨВ
0151.png,1428СЭА
0152.png,3119УНЯ
0153.png,4554УНӨ
0154.png,8387УНБ
0155.png,9914ДАХ
0156.png,9073УБН
0157.png,5454БУА
0158.png,1153ДАХ
0159.png,6795СЭА
0160.png,1723СЭА
0161.png,3571УНВ
0162.png,7648СЭА
0163.png,0539УБЗ
0164.png,8729ДАР
0165.png,3567УБЛ
0166.png,3297УНТ
0167.png,1714БУА
0168.png,8348УНЯ
0169.png,0329УНС
0170.png,0296ДАР
0171.png,1849БРА
0172.png,0771ОРО
0173.png,2560ХӨА
0174.png,8191УНЦ
0175.png,1278УНГ
0176.png,4255УБХ
0177.png,2043УНЯ
0178.png,6730УНН
0179.png,1288ДАР
0180.png,3604УНӨ
0181.png,9819УБЧ
0182.png,2280УБА
0183.png,6249УНС
0184.png,0336УБЭ
0185.png,0837УНЕ
0186.png,9857УНО
0187.png,4715ДАР
0188.png,3804СЭҮ
0189.png,8728УБГ
0190.png,2313ОРА
0191.png,0982УБН
0192.png,0296ДАР
0193.png,5643УБЛ
0194.png,0710УНЕ
0195.png,0273УБЗ
0196.png,4475ТӨВ
0197.png,9144ОРО
0198.png,2328УБР
0199.png,5546ДАХ
0200.png,8548УБГ
0201.png,7016УБВ
0202.png,5344СЭА
0203.png,5097ДАР
0204.png,8235УБУ
0205.png,1577УБК
0206.png,9475УНК
0207.png,3800УНН
0208.png,9556ДАР
0209.png,4647УНП
0210.png,2448УББ
0211.png,9513СЭА
0212.png,6217ДӨА
0213.png,6959УБХ
0214.png,4654УБЛ
0215.png,2776УБЗ
0216.png,0389УБЦ
0217.png,7054УНД
0218.png,9158УБД
0219.png,2968УБИ
0220.png,8183УНТ
0221.png,2861УБГ
0222.png,5618УБИ
0223.png,0593ЗАН
0224.png,3716ТӨВ
0225.png,1655ХӨҮ
0226.png,8307УБТ
0227.png,8257ДАХ
0228.png,8387ОРА
0229.png,1602УБТ
0230.png,4706УНС
0231.png,7393ДАХ
0232.png,7437УНГ
0233.png,1644ДАР
0234.png,3724УНЕ
0235.png,5695ДАР
0236.png,2742УНА
0237.png,5924УНВ
0238.png,5395ТӨҮ
0239.png,6671УНЗ
0240.png,2543УНД
0241.png,0120ДАА
0242.png,2802СҮЭ
0243.png,2037УНҮ
0244.png,4321ОРО
0245.png,4348ДАР
0246.png,5642УНТ
0247.png,9403УБП
0248.png,1990ХӨҮ
0249.png,8383ДАХ
0250.png,4414ДАХ
0251.png,9909ХӨҮ
0252.png,4393БУЛ
0253.png,0181УБЦ
0254.png,6658УНЗ
0255.png,3825УБО
0256.png,0886СЭА
0257.png,0744СЭА
0258.png,3233УБМ
0259.png,9654УНП
0260.png,0147УНӨ
0261.png,8838СЭА
0262.png,3634УНӨ
0263.png,3644УБЦ
0264.png,5668ТӨВ
0265.png,4882ДАХ
0266.png,6655ДАА
0267.png,4832УБУ
0268.png,6876УНД
0269.png,4433УНБ
0270.png,7023УНБ
0271.png,6833СЭА
0272.png,0072УББ
0273.png,2801УБА
0274.png,4749ОРА
0275.png,0057УНН
0276.png,0994ОРА
0277.png,0980ТӨА
0278.png,9556ДАР
0279.png,4280УБП
0280.png,2924ОРО
0281.png,6414УБИ
0282.png,1174СЭА
0283.png,5179УБЭ
0284.png,2861УБГ
0285.png,0482УБИ
0286.png,9177УБМ
0287.png,6387УБН
0288.png,3068ДАР
0289.png,4346СЭА
0290.png,0479УБИ
0291.png,7896УББ
0292.png,0301УБХ
0293.png,2998ДАХ
0294.png,1713УНУ
0295.png,3648УБЭ
0296.png,1419УНУ
0297.png,2723УНЯ
0298.png,1250УНМ
0299.png,2505УБЧ
0300.png,0655ДАР
0301.png,4020УНЗ
0302.png,3455УБЯ
0303.png,6600ДАА
0304.png,4327УБК
0305.png,0414УБХ
0306.png,0282ТӨА
0307.png,1463УБЛ
0308.png,0697УНО
0309.png,9667УНТ
0310.png,4601УБЯ
0311.png,2628ТӨВ
0312.png,8732УБЗ
0313.png,6444ДАР
0314.png,6876УНД
0315.png,9880УБВ
0316.png,3189УБХ
0317.png,1678УНР
0318.png,4988УНӨ
0319.png,7009УНР
0320.png,0044СББ
0321.png,2091ДАР
0322.png,0865СЭА
0323.png,2837ТӨА
0324.png,2293ГАА
0325.png,1700ДАР
0326.png,4696УНЗ
0327.png,6908УБГ
0328.png,2992ДАР
0329.png,5506УНЭ
0330.png,0044СББ
0331.png,6438УБУ
0332.png,2289УБР
0333.png,8222СЭҮ
0334.png,7773СБА
0335.png,8096УБУ
0336.png,1107ТӨҮ
0337.png,2615УНП
0338.png,2352УББ
0339.png,6723УБУ
0340.png,3967УНУ
0341.png,5219УБЯ
0342.png,3491СЭА
0343.png,8012УБА
0344.png,6177УНҮ
0345.png,5019УНУ
0346.png,3544СЭА
0347.png,8520УББ
0348.png,3773УБҮ
0349.png,2697УНВ
0350.png,7942УНО
0351.png,5384СЭА
0352.png,6203УБЭ
0353.png,3131ОРХ
0354.png,5159УНД
0355.png,7077УНА
0356.png,4969ӨВО
0357.png,4863УНҮ
0358.png,1326ОРА
0359.png,7761УБН
0360.png,6141УБН
0361.png,7269УБН
0362.png,9478УНЕ
0363.png,0912СЭА
0364.png,9678УБХ
0365.png,2245УНГ
0366.png,1181УБЗ
0367.png,2691ОРО
0368.png,9344УНЦ
0369.png,7800УНЕ
0370.png,5798УБТ
0371.png,5260УБИ
0372.png,9393ОРО
0373.png,1447УБР
0374.png,0028ДАА
0375.png,8176УБД
0376.png,9394ТӨА
0377.png,3259УБО
0378.png,0703УБВ
0379.png,9754УНЕ
0380.png,2206УНЦ
0381.png,5507СЭА
0382.png,0459УНМ
0383.png,0662УНГ
0384.png,8491СЭА
0385.png,5107УБЗ
0386.png,5634УНС
0387.png,6294УНЕ
0388.png,6867УБӨ
0389.png,7721УНУ
0390.png,2521УБЧ
0391.png,2266УБЕ
0392.png,8803УБЕ
0393.png,7977УБЕ
0394.png,5632УБХ
0395.png,2164ОРА
0396.png,0083ДАР
0397.png,7292УНИ
0398.png,4484УНТ
0399.png,5224УНК
0400.png,2892ОРО
0401.png,8895УНУ
0402.png,0263УБУ
0403.png,8185ЗАА
0404.png,6679ДАР
0405.png,9754УНЕ
0406.png,5104УБП
0407.png,0492УНР
0408.png,0777ОРА
0409.png,7159УНБ
0410.png,0759ДАР
0411.png,4858ОРО
0412.png,0079ДАА
0413.png,9070УНР
0414.png,3733УНЛ
0415.png,6947ОРО
0416.png,7745УБГ
0417.png,5118УБЕ
0418.png,5161ДАР
0419.png,8084ТӨА
0420.png,9072ДАХ
0421.png,7955УБҮ
0422.png,5500ДАА
0423.png,1555ОРА
0424.png,2422ОРХ
0425.png,5705ДАР
0426.png,7896УББ
0427.png,0058ДАА
0428.png,6347УБГ
0429.png,1815УНЛ
0430.png,4512УБХ
0431.png,1916УНЯ
0432.png,9498УНО
0433.png,6521ДАР
0434.png,7492УНГ
0435.png,2738УНЧ
0436.png,6736УБХ
0437.png,6024УБЭ
0438.png,3991УНУ
0439.png,5190ТӨА
0440.png,3788УНЕ
0441.png,3800ДАР
0442.png,8832УНК
0443.png,7810УНИ
0444.png,9945УБП
0445.png,6903УНС
0446.png,4216УНП
0447.png,5311УНЧ
0448.png,0170УБУ
0449.png,2580УНО
0450.png,0346ОРХ
0451.png,3223УНВ
0452.png,0040УНР
0453.png,0037УБЛ
0454.png,7649ДАХ
0455.png,7949ДАР
0456.png,9237ДАХ
0457.png,0059СБА
0458.png,8898УНИ
0459.png,0873УБС
0460.png,6794УНМ
0461.png,5131УНА
0462.png,7848СҮА
0463.png,9550УБА
0464.png,4974УБИ
0465.png,7459ОРО
0466.png,5030УНЗ
0467.png,9821УНС
0468.png,6219УБК
0469.png,3106УБУ
0470.png,6018УБЕ
0471.png,3160УНЕ
0472.png,6367УБТ
0473.png,4644ДАР
0474.png,5435ОРХ
0475.png,0842УБУ
0476.png,6325УБА
0477.png,5691УНЯ
0478.png,8858УНУ
0479.png,2276СЭА
0480.png,5058УБП
0481.png,8509УНҮ
0482.png,1939УНК
0483.png,5883УБА
0484.png,3932УНЧ
0485.png,7234ДАХ
0486.png,9088СЭА
0487.png,9840УБЧ
0488.png,1090УНӨ
0489.png,1663УБО
0490.png,4265СЭҮ
0491.png,2888ХЭҮ
0492.png,4844УБТ
0493.png,5944УБҮ
0494.png,1835УБЛ
0495.png,7591ДБР
0496.png,9178УНВ
0497.png,4393УБХ
0498.png,2856УБЛ
0499.png,4951УБЧ
0500.png,7407УБТ
0501.png,4951УБЧ
0502.png,7994УБН
0503.png,5585СЭҮ
0504.png,6666СЭҮ
0505.png,1956ТӨВ
0506.png,0662УНГ
0507.png,3733УНЛ
0508.png,5762УНА
0509.png,6005СЭА
0510.png,4273УНД
0511.png,5019УНУ
0512.png,9293СЭҮ
0513.png,9712УНД
0514.png,5465УНИ
0515.png,3569СЭА
0516.png,0009ДӨҮ
0517.png,9748УНИ
0518.png,2030ДАР
0519.png,1440УБН
0520.png,5372ДАР
0521.png,4223УНӨ
0522.png,9518УБВ
0523.png,5069УБӨ
0524.png,2101ДАР
0525.png,3519УНБ
0526.png,3020УНХ
0527.png,2808УНЛ
0528.png,5260ОРА
0529.png,7649БУА
0530.png,8781СЭА
0531.png,2161УБТ
0532.png,3887УБЦ
0533.png,2999ДАР
0534.png,0635УБЧ
0535.png,4396УБР
0536.png,4462СЭА
0537.png,5171ДАХ
0538.png,4065ДАР
0539.png,3917УНЗ
0540.png,8011ОРХ
0541.png,3284УБЧ
0542.png,1080ДАР
0543.png,4433УНБ
0544.png,2433ОРО
0545.png,4416УНЕ
0546.png,3554УБМ
0547.png,1204ОРХ
0548.png,9354ДАХ
0549.png,0005УББ
0550.png,1013УНУ
0551.png,8855УНН
0552.png,3349ДАР
0553.png,4626УБХ
0554.png,1870ОРА
0555.png,5149УББ
0556.png,3883ДАА
0557.png,5393СЭҮ
0558.png,8395УНЯ
0559.png,4018УНЧ
0560.png,5830СЭА
0561.png,9664УНХ
0562.png,5031ДГА
0563.png,5325УБВ
0564.png,9008УБУ
0565.png,4163УБЛ
0566.png,0742ОРА
0567.png,8953УНЗ
0568.png,2691УНГ
0569.png,9168УБТ
0570.png,2685УНЭ
0571.png,8543ДОР
0572.png,3543ЛБЧ
0573.png,2124ТӨВ
0574.png,8242УБЗ
0575.png,4859УНТ
0576.png,0689УБУ
0577.png,2960УБВ
0578.png,3486УНТ
0579.png,0110СЭҮ
0580.png,9612УНЛ
0581.png,4719ТӨВ
0582.png,8273УНО
0583.png,3252ТӨВ
0584.png,1719СЭҮ
0585.png,6000ОРХ
0586.png,0378УНС
0587.png,1056УНВ
0588.png,9558УБУ
0589.png,3686УНЦ
0590.png,2630УБД
0591.png,5237ДАР
0592.png,1803УНӨ
0593.png,9787УБТ
0594.png,4328УБЗ
0595.png,4774ТӨВ
0596.png,4079УБГ
0597.png,4634УБӨ
0598.png,5777ДАА
0599.png,3385СЭҮ
0600.png,4493УНБ
0601.png,1350УНУ
0602.png,6967УБД
0603.png,8405УНМ
0604.png,3284УБЧ
0605.png,4439УБР
0606.png,7542ТӨА
0607.png,5162УБП
0608.png,6177ОРХ
0609.png,5126СЭА
0610.png,5224УБГ
0611.png,6237УНЧ
0612.png,8936ТӨА
0613.png,1849БРА
0614.png,7075УБМ
0615.png,1590УБИ
0616.png,5248УНР
0617.png,7894ТӨА
0618.png,5785ТӨВ
0619.png,9395УНМ
0620.png,1180УБД
0621.png,5324УНЦ
0622.png,3664УНГ
0623.png,4938УБК
0624.png,4709ДӨА
0625.png,5664УБЭ
0626.png,6586УБР
0627.png,2827УНЕ
0628.png,9004ОРА
0629.png,1264УНЛ
0630.png,9287ДАР
0631.png,9195УББ
0632.png,3535УБГ
0633.png,8178УБЧ
0634.png,7812ТӨА
0635.png,8020ОРА
0636.png,2744УБЯ
0637.png,5502ТӨА
0638.png,1512УБП
0639.png,7478ӨВР
0640.png,0512УБЧ
0641.png,3090УБТ
0642.png,4854ОРХ
0643.png,3714УНБ
0644.png,5578БӨА
0645.png,0962УНЧ
0646.png,2905СЭА
0647.png,6538УНТ
0648.png,4309УНУ
0649.png,5352ДАХ
0650.png,3841ОРХ
0651.png,0865УБХ
0652.png,5888УНХ
0653.png,4685УБП
0654.png,9197УБП
0655.png,4732УНА
0656.png,7656УБТ
0657.png,3883ДАА
0658.png,3319ДАР
0659.png,9557УНП
0660.png,5672ДӨА
0661.png,0693УБУ
0662.png,7476ТӨВ
0663.png,7695ОРО
0664.png,5132УБЛ
0665.png,5899ТӨА
0666.png,8559УНЧ
0667.png,0278ДАР
0668.png,0989ОРХ
0669.png,6546ДАХ
0670.png,7877СЭҮ
0671.png,9719УБК
0672.png,8874УБР
0673.png,0539УНЕ
0674.png,6645УБЦ
0675.png,8044СЭА
0676.png,0496УБЦ
0677.png,4623ДАР
0678.png,5391СЭА
0679.png,8868ТӨА
0680.png,6671УНЗ
0681.png,0699ОРА
0682.png,0002ОРХ
0683.png,5202УНО
0684.png,5005ОРХ
0685.png,7066ОРХ
0686.png,4534УНК
0687.png,2422ОРХ
0688.png,7271УНТ
0689.png,0054СБА
0690.png,1097УБТ
0691.png,0088СБА
0692.png,0503ДАР
0693.png,4879ОРО
0694.png,9723УБВ
0695.png,9894УНЗ
0696.png,3634УНӨ
0697.png,9354УНП
0698.png,5538УБО
0699.png,9518УБВ
0700.png,7583ДАР
0701.png,1364СЭА
0702.png,2558УНҮ
0703.png,0232СЭА
0704.png,5104УБП
0705.png,9511УНС
0706.png,3757УНЯ
0707.png,3250ТӨА
0708.png,0246УНП
0709.png,2553ДАА
0710.png,3415ТӨВ
0711.png,1378УБЯ
0712.png,0066УНЯ
0713.png,2297ОРО
0714.png,4280УБП
0715.png,6881ДӨА
0716.png,0484СЭҮ
0717.png,4365УНТ
0718.png,8164УБЭ
0719.png,0311ДАР
0720.png,4460УНИ
0721.png,0557УБИ
0722.png,8304ДАР
0723.png,0027ДАА
0724.png,3257ТӨВ
0725.png,3005УНП
0726.png,1604УНҮ
0727.png,7115УНЭ
0728.png,7542ТӨА
0729.png,7987УНЯ
0730.png,4202УБХ
0731.png,2443ТӨВ
0732.png,8047УБН
0733.png,9599ДАА
0734.png,1587ОРО
0735.png,3740УНҮ
0736.png,7790УНГ
0737.png,4125УНУ
0738.png,0333УНҮ
0739.png,7638УБА
0740.png,6001УБГ
0741.png,3257ТӨВ
0742.png,6655ОРХ
0743.png,9742УНБ
0744.png,1041УБЕ
0745.png,5249УНУ
0746.png,7138УНВ
0747.png,0487ДАР
0748.png,2372УБУ
0749.png,3749УБВ
0750.png,7140УНУ
0751.png,1133СЭҮ
0752.png,4307ТӨА
0753.png,0974УБХ
0754.png,1484БУА
0755.png,3063УБП
0756.png,4014УБО
0757.png,7269УБВ
0758.png,8455ДАР
0759.png,0813УНЯ
0760.png,2896УНӨ
0761.png,4784УНА
0762.png,5236ТӨВ
0763.png,3897ДАР
0764.png,9277УНИ
0765.png,7673СЭҮ
0766.png,7781УНА
0767.png,8040УНЛ
0768.png,7842ДӨА
0769.png,0170УБУ
0770.png,8858УБУ
0771.png,0643УНЯ
0772.png,7393УБГ
0773.png,3883УНГ
0774.png,1060УНО
0775.png,5214УБД
0776.png,6182УБИ
0777.png,3271УБЧ
0778.png,7211ТӨВ
0779.png,0662УНГ
0780.png,3133УБУ
0781.png,2878ДАР
0782.png,4357УНӨ
0783.png,9237ДАХ
0784.png,1423ДУА
0785.png,7108УБГ
0786.png,2995УНН
0787.png,9457УБМ
0788.png,4634ДАХ
0789.png,3797ДАР
0790.png,1861УНЛ
0791.png,4599ОРО
0792.png,7375УБМ
0793.png,5011УБЕ
0794.png,3868УНУ
0795.png,4284УБМ
0796.png,3178УБЧ
0797.png,3707УНУ
0798.png,6780УНХ
0799.png,6733СЭҮ
0800.png,0078УНП
0801.png,7917ТӨА
0802.png,1987ОРХ
0803.png,3800УНН
0804.png,3128УБЗ
0805.png,0106БНА
0806.png,5526УБП
0807.png,1879УБВ
0808.png,5775УБП
0809.png,5332ДАХ
0810.png,9097ТӨА
0811.png,9293СЭҮ
0812.png,3370УНҮ
0813.png,9532ДАР
0814.png,7134УНК
0815.png,0301УБЕ
0816.png,6232УНЭ
0817.png,6798УБУ
0818.png,0894УББ
0819.png,3391УНБ
0820.png,5114УБӨ
0821.png,9158УБД
0822.png,8063УБК
0823.png,1626УБТ
0824.png,8138СЭД
0825.png,6101ДАР
0826.png,9687УБЧ
0827.png,8484СЭҮ
0828.png,0572СЭА
0829.png,8989УНМ
0830.png,9472УБС
0831.png,4173УНК
0832.png,8965СЭА
0833.png,3464УБР
0834.png,2765УБҮ
0835.png,4415УНЯ
0836.png,1511УНМ
0837.png,1178ДАХ
0838.png,7248ОРХ
0839.png,4686СЭА
0840.png,4265СЭҮ
0841.png,9568УБП
0842.png,2889УНО
0843.png,8089УБЕ
0844.png,6736УБХ
0845.png,5645УБЕ
0846.png,8817УБТ
0847.png,3431УБМ
0848.png,7062УНҮ
0849.png,4069СЭА
0850.png,2310ОРА
0851.png,9938УБЛ
0852.png,1838УБХ
0853.png,6776СЭҮ
0854.png,7811ХӨҮ
0855.png,7492ДАР
0856.png,0058УБГ
0857.png,6446УНО
0858.png,4845ТӨВ
0859.png,1956ТӨВ
0860.png,7007УБЭ
0861.png,0272ЗАН
0862.png,0232СЭА
0863.png,1445УБХ
0864.png,1796ДАР
0865.png,9511УНР
0866.png,9887ОРО
0867.png,3557УНМ
0868.png,4854ОРХ
0869.png,0138УНЯ
0870.png,5710УНК
0871.png,9623УБЭ
0872.png,2030УНП
0873.png,8162УНР
0874.png,2755ТӨВ
0875.png,3992УНӨ
0876.png,4366ДАХ
0877.png,2292УНГ
0878.png,6089ТӨА
0879.png,9295ХЭА
0880.png,4620ОРО
0881.png,5838ОРХ
0882.png,4561УНМ
0883.png,0246УБТ
0884.png,2652СЭҮ
0885.png,0489УБМ
0886.png,0321УБХ
0887.png,5166УБТ
0888.png,5163СЭҮ
0889.png,8801УББ
0890.png,5982УНБ
0891.png,0743УНҮ
0892.png,3968УНН
0893.png,5224УНК
0894.png,5958ТӨВ
0895.png,6629УБТ
0896.png,5258УНӨ
0897.png,9894УНЗ
0898.png,3336ДАХ
0899.png,0999ТЧ
0900.png,4554УНЗ
0901.png,3431ДӨВ
0902.png,0456ТӨА
0903.png,4606УНА
0904.png,5104УБП
0905.png,8089ХӨА
0906.png,7610ОРО
0907.png,4839ТӨВ
0908.png,3246УБЗ
0909.png,2412УНТ
0910.png,4078ОРХ
0911.png,9965УБС
0912.png,3336УНК
0913.png,5039ОРХ
0914.png,9335ОРО
0915.png,4509УНА
0916.png,2409УБИ
0917.png,0163ОРО
0918.png,0643ДАХ
0919.png,9238УБЗ
0920.png,3227УББ
0921.png,2360ОРХ
0922.png,5049ОРО
0923.png,1057УНХ
0924.png,2567ТӨВ
0925.png,6222ОРХ
0926.png,1759УБҮ
0927.png,6211ДАР
0928.png,5362УНС
0929.png,2366УБС
0930.png,9333УБК
0931.png,2664УБӨ
0932.png,0661СЭА
0933.png,3341БУК
0934.png,6425СЭА
0935.png,3102УБЦ
0936.png,8473УНЕ
0937.png,1851УБӨ
0938.png,3171УБВ
0939.png,5867УБЭ
0940.png,0224УНК
0941.png,7495ДАР
0942.png,4764УБД
0943.png,4488УНН
0944.png,0401ОРО
0945.png,3739СЭА
0946.png,9874УНО
0947.png,1662ДӨА
0948.png,0079СЭҮ
0949.png,4848ОРА
0950.png,5777УБВ
0951.png,3660УНЗ
0952.png,7831УНЭ
0953.png,6016ДАР
0954.png,7818УБӨ
0955.png,4940ОРХ
0956.png,4911УНХ
0957.png,0364УНИ
0958.png,0491УБА
0959.png,7210УБМ
0960.png,1127УБМ
0961.png,0045СЭҮ
0962.png,6891УББ
0963.png,6680УБЭ
0964.png,2300СБА
0965.png,6571УБП
0966.png,1843УБЭ
0967.png,2213УБЗ
0968.png,5239ДАР
0969.png,0752УНМ
0970.png,8822ОРХ
0971.png,5723УНП
0972.png,4873УБЛ
0973.png,7347УБГ
0974.png,0849ДАР
0975.png,3820ОРО
0976.png,2103УНА
0977.png,4963ДБХ
0978.png,0933УНЛ
0979.png,3112ТӨА
0980.png,4025УНЭ
0981.png,8873ОРО
0982.png,7104СЭҮ
0983.png,4031УНС
0984.png,3501УБӨ
0985.png,4190УБО
0986.png,1998СБА
0987.png,2282БРА
0988.png,7737УНИ
0989.png,1814ДАР
0990.png,6798ДАХ
0991.png,7485УБМ
0992.png,1175ДАР
0993.png,1308УНЕ
0994.png,2422ОРХ
0995.png,2050ДАА
0996.png,7073СБА
0997.png,4366УНЛ
0998.png,3797УБЦ
0999.png,7403ДАХ
1000.png,5107УНИ
1001.png,2628УБУ
1002.png,3739УНЦ
1003.png,8151ОРО
1004.png,9619УБЧ
1005.png,2106ДАХ
1006.png,8448БУЛ
1007.png,0999СЭҮ
1008.png,0002УБЯ
1009.png,6707ДАХ
1010.png,2808УНЕ
1011.png,7922УНР
1012.png,3811УБУ
1013.png,3632УБУ
1014.png,1803УБӨ
1015.png,4925УНЕ
1016.png,7351БУЛ
1017.png,0850УНА
1018.png,5776УБН
1019.png,6464ТӨА
1020.png,0948УНВ
1021.png,4480ОРА
1022.png,4462СЭА
1023.png,8320УНЧ
1024.png,0281ДАХ
1025.png,5748УНД
1026.png,3114УНР
1027.png,5003УБЭ
1028.png,9379УНС
1029.png,5559ДАА
1030.png,2791УНО
1031.png,6498УБС
1032.png,7892УНЦ
1033.png,3712УНЛ
1034.png,8139УНӨ
1035.png,3968СЭА
1036.png,0237ДАХ
1037.png,8500ДАА
1038.png,2218ТӨВ
1039.png,8307УБЧ
1040.png,0089ОРХ
1041.png,3198УНН
1042.png,5733УБЗ
1043.png,0008СЭҮ
1044.png,7604УБТ
1045.png,4940ОРХ
1046.png,9207ДӨА
1047.png,8163УНП
1048.png,1556ОРО
1049.png,1128УНЕ
1050.png,4443ДАА
1051.png,5282СЭА
1052.png,6698УБД
1053.png,2764УБГ
1054.png,6875УНЦ
1055.png,3968ДАХ
1056.png,3674УБП
1057.png,3802УБЭ
1058.png,8494УБН
1059.png,6243ДАР
1060.png,8255УНО
1061.png,5594СЭА
1062.png,4850ДАХ
1063.png,6392УНЦ
1064.png,7016УБВ
1065.png,0111СБА
1066.png,7863УНЕ
1067.png,2628УБҮ
1068.png,0035СЭҮ
1069.png,7317УБМ
1070.png,7546УБК
1071.png,1819УБМ
1072.png,6967УБУ
1073.png,3050УБА
1074.png,2719ДАХ
1075.png,5351ДАР
1076.png,2064УБД
1077.png,9667ТӨВ
1078.png,2553ДАА
1079.png,5502УНЦ
1080.png,6378УНЕ
1081.png,0218УНК
1082.png,7735УНБ
1083.png,3960УНР
1084.png,7492УНГ
1085.png,5939ДАР
1086.png,2378ДАР
1087.png,9581ӨВР
1088.png,4848УБЯ
1089.png,7911ОРХ
1090.png,5559СЭҮ
1091.png,0018ТӨВ
1092.png,8084ДӨА
1093.png,9496УНЕ
1094.png,4974УБИ
1095.png,1026УНХ
1096.png,8257ДАХ
1097.png,1449СБА
1098.png,2805УБЦ
1099.png,6079УНР
1100.png,8419УБР
1101.png,5748УНД
1102.png,0982УБН
1103.png,6572СЭА
1104.png,0818УНР
1105.png,4357ДӨВ
1106.png,3740УНР
1107.png,2082ТӨВ
1108.png,2478ДАХ
1109.png,9068УБА
1110.png,1022ОРО
1111.png,0301УБХ
1112.png,5547УБГ
1113.png,5095УНА
1114.png,0970ОРХ
1115.png,8986СЭҮ
1116.png,0089СЭҮ
1117.png,1152УБЗ
1118.png,6565ОРХ
1119.png,8080ХӨҮ
1120.png,3304УБӨ
1121.png,0444ДАХ
1122.png,3824УБД
1123.png,6004ДАР
1124.png,9568ОРХ
1125.png,4543УБЦ
1126.png,0047ДАХ
1127.png,0816УБС
1128.png,0064УНИ
1129.png,6462УББ
1130.png,9164ДАХ
1131.png,1603ТӨА
1132.png,7262ДАР
1133.png,3442ДАР
1134.png,9733ДАР
1135.png,5666УБЛ
1136.png,3529УНЭ
1137.png,4178УНК
1138.png,4189ДАХ
1139.png,4486УНА
1140.png,4775УБД
1141.png,6338ТӨВ
1142.png,3600УБЛ
1143.png,8391УБУ
1144.png,6486УБД
1145.png,8634ОРО
1146.png,1885ТӨА
1147.png,8981УНС
1148.png,9181УНЧ
1149.png,4685УБО
1150.png,0296ДАР
1151.png,0048ЛЭА
1152.png,8330УНР
1153.png,5076УНГ
1154.png,2520УНУ
1155.png,6353УБЛ
1156.png,2181УБК
1157.png,5176ХНС
1158.png,9944ОРА
1159.png,8322УБУ
1160.png,8430ОРО
1161.png,7337ДАА
1162.png,9670УНИ
1163.png,7190ДӨА
1164.png,0008СЭҮ
1165.png,7961УНЭ
1166.png,0046УНЧ
1167.png,9137УНВ
1168.png,0301УБХ
1169.png,2668ОРО
1170.png,4313УНХ
1171.png,0374УБИ
1172.png,6940СЭА
1173.png,7735УНБ
1174.png,0676УБД
1175.png,4030УНК
1176.png,5935УБД
1177.png,7988ОРХ
1178.png,1738УБУ
1179.png,4174ТӨА
1180.png,1514ДАХ
1181.png,8868ДӨА
1182.png,0082ДАА
1183.png,8139УНӨ
1184.png,7647УНЦ
1185.png,4657УНУ
1186.png,5085УБЛ
1187.png,1107ТӨҮ
1188.png,1768БУЛ
1189.png,4367УБТ
1190.png,5782УНА
1191.png,5572УНХ
1192.png,5136УНЛ
1193.png,5913ДАР
1194.png,4640УНМ
1195.png,3204УНЛ
1196.png,3875УБЯ
1197.png,9644ОРХ
1198.png,0737УБЕ
1199.png,1130ОРО
1200.png,5041УБТ
1201.png,2123ДАХ
1202.png,8479ДАХ
1203.png,3897БУЛ
1204.png,3504УБӨ
1205.png,9075УБК
1206.png,1126ДАХ
1207.png,5139СЭА
1208.png,7284УББ
1209.png,2044ТӨА
1210.png,8266УНЦ
1211.png,0236УНН
1212.png,7960УБУ
1213.png,0584УНР
1214.png,6075УНЯ
1215.png,4103УБЗ
1216.png,1134УБП
1217.png,7724УБВ
1218.png,4176УБП
1219.png,6619УБН
1220.png,9737УНО
1221.png,0181УБР
1222.png,7135УНВ
1223.png,2731ОРО
1224.png,4755ДАХ
1225.png,9159УБЦ
1226.png,5217УНП
1227.png,7908УНП
1228.png,4201УБЯ
1229.png,1476ОРА
1230.png,6812ДАР
1231.png,5968УНЕ
1232.png,2677УНТ
1233.png,7819СЭҮ
1234.png,6138УБН
1235.png,0886ДАХ
1236.png,6417СЭА
1237.png,4854ТӨА
1238.png,1068УБГ
1239.png,0624УБТ
1240.png,6798ДАХ
1241.png,0707УБТ
1242.png,0895СЭА
1243.png,9939УНӨ
1244.png,9486ДАР
1245.png,5098УНИ
1246.png,0609УӨВ
1247.png,2041УБД
1248.png,4571УНХ
1249.png,5156УБО
1250.png,0646УНХ
1251.png,3632УНР
1252.png,2294УБО
1253.png,2538ДАР
1254.png,9144УБЧ
1255.png,1010ДАА
1256.png,0481УНЭ
1257.png,5503УБХ
1258.png,2299ДАА
1259.png,6737СЭА
1260.png,7022УБЛ
1261.png,8189ОРО
1262.png,5121ОРО
1263.png,9620УБС
1264.png,9536УБД
1265.png,4263УБИ
1266.png,4229ОРА
1267.png,4302ДАХ
1268.png,1703ОРА
1269.png,8132УНД
1270.png,9333ОРА
1271.png,6286ОРХ
1272.png,9676УНУ
1273.png,6008УБА
1274.png,6199УББ
1275.png,3900УНЗ
1276.png,2151УНИ
1277.png,2485УНГ
1278.png,0390ДБХ
1279.png,8941УНХ
1280.png,5353СББ
1281.png,4475ТӨВ
1282.png,2628УБҮ
1283.png,0883ТӨВ
1284.png,0186УБҮ
1285.png,6365УНЯ
1286.png,3235УБА
1287.png,0207ДАА
1288.png,7326СЭА
1289.png,0210ДАХ
1290.png,1915УНХ
1291.png,0033УНЕ
1292.png,8394УБҮ
1293.png,0226ТӨА
1294.png,0825УБН
1295.png,0583ДАХ
1296.png,7814ТӨА
1297.png,0770СББ
1298.png,9244СЭА
1299.png,7781УНУ
1300.png,9290СЭҮ
1301.png,1360УБЗ
1302.png,9785УНД
1303.png,1447ТӨВ
1304.png,8379УНХ
1305.png,2638УБИ
1306.png,0310ДАХ
1307.png,1682УБА
1308.png,3692УБЗ
1309.png,7111УНЧ
1310.png,7223ТӨА
1311.png,2082УБП
1312.png,7011УБЭ
1313.png,5735ДАР
1314.png,7939УНҮ
1315.png,1021ДАХ
1316.png,4525ТӨВ
1317.png,5898ДАР
1318.png,2004УНХ
1319.png,2535ОРХ
1320.png,8604УБЕ
1321.png,0063ДАХ
1322.png,2215УНЗ
1323.png,4978СЭА
1324.png,9715СЭА
1325.png,8543УБЗ
1326.png,8402УБХ
1327.png,4512УБЛ
1328.png,9358УНК
1329.png,6106УБА
1330.png,2077УБС
1331.png,0723ОРО
1332.png,5247ДАХ
1333.png,0841УНУ
1334.png,8649УНВ
1335.png,9635УНД
1336.png,3013УНК
1337.png,7900УБД
1338.png,2570УБЕ
1339.png,5853ДАХ
1340.png,0079УБА
1341.png,1011УБВ
1342.png,7201УББ
1343.png,1430УНЧ
1344.png,8548УБИ
1345.png,8242ТӨА
1346.png,4099УБН
1347.png,0583ДАХ
1348.png,0487ДАР
1349.png,6105УБЧ
1350.png,5886УБД
1351.png,8686ДАР
1352.png,0016СББ
1353.png,1591СБА
1354.png,2783УНЭ
1355.png,3926СЭА
1356.png,8697УНГ
1357.png,5588ДАХ
1358.png,6403УНД
1359.png,6911УБЭ
1360.png,8382ТӨА
1361.png,6303СЭА
1362.png,5239ДАР
1363.png,3515УНЭ
1364.png,5886УБД
1365.png,5718УНХ
1366.png,6197УНС
1367.png,6564ХӨҮ
1368.png,8678УНБ
1369.png,0100УБУ
1370.png,7903УБЛ
1371.png,7829УНГ
1372.png,2282УНМ
1373.png,1989УНӨ
1374.png,1732УБВ
1375.png,4559УБЧ
1376.png,5583ОРО
1377.png,2004УНД
1378.png,7198ОРХ
1379.png,1645УНД
1380.png,5204УНЕ
1381.png,0689УБИ
1382.png,2665УБА
1383.png,2847СЭҮ
1384.png,2668ОРО
1385.png,8242ДӨА
1386.png,0522ТӨВ
1387.png,2213УБЗ
1388.png,0757УБМ
1389.png,9250УБЯ
1390.png,1303УНА
1391.png,2002ОРО
1392.png,3209ДАР
1393.png,0057СБА
1394.png,9892УНР
1395.png,0902УБО
1396.png,3171УБВ
1397.png,9951ДАР
1398.png,7295УНМ
1399.png,3861УНС
1400.png,3582БУЛ
1401.png,5335УБС
1402.png,1387УНГ
1403.png,3546ТӨА
1404.png,2635УБХ
1405.png,5249УБО
1406.png,5432УНҮ
1407.png,3711УБГ
1408.png,6445УНЕ
1409.png,2726ДАХ
1410.png,5130УБУ
1411.png,9268УНА
1412.png,7220УБН
1413.png,0356УБЭ
1414.png,1881УНТ
1415.png,2791УНО
1416.png,6318УНН
1417.png,8934УНЦ
1418.png,3295ОРО
1419.png,4606УНА
1420.png,1706УНЗ
1421.png,4569УНХ
1422.png,4634ДАХ
1423.png,3583УБҮ
1424.png,4107УБС
1425.png,8827УБГ
1426.png,2333ДАА
1427.png,6671УНЗ
1428.png,6297СЭҮ
1429.png,7649БУА
1430.png,1804ДАР
1431.png,1133ТӨҮ
1432.png,1973УБУ
1433.png,2522СЭҮ
1434.png,2865УБУ
1435.png,0302УНЕ
1436.png,3049УНА
1437.png,1361УНЕ
1438.png,2064УБД
1439.png,6497УБК
1440.png,6534УБЭ
1441.png,9272УБҮ
1442.png,8579УНВ
1443.png,5007УНП
1444.png,9528ДАР
1445.png,5476ТӨА
1446.png,5177УБЛ
1447.png,7597УБГ
1448.png,8587УБЯ
1449.png,1495УНЭ
1450.png,9159УБЦ
1451.png,7085УНӨ
1452.png,5344СЭА
1453.png,1978ДАР
1454.png,8688УБӨ
1455.png,0334УНС
1456.png,2860УНС
1457.png,3888УББ
1458.png,1427УБЭ
1459.png,0104УБҮ
1460.png,5477БРА
1461.png,1604УНҮ
1462.png,5855УНЦ
1463.png,3122ОРХ
1464.png,9636УБС
1465.png,7679УБЭ
1466.png,4054УНЧ
1467.png,6088ТОА
1468.png,1772УНБ
1469.png,0392УБВ
1470.png,1723СЭА
1471.png,4416УБҮ
1472.png,5434ТӨВ
1473.png,0632УБК
1474.png,5695УБК
1475.png,5537ДАХ
1476.png,5227УБҮ
1477.png,8888ДАХ
1478.png,5200ДӨВ
1479.png,8174УБЗ
1480.png,4476УНЧ
1481.png,6455УНЯ
1482.png,0865УБН
1483.png,5967УНЗ
1484.png,8189УНД
1485.png,0874ТӨВ
1486.png,1843УБЭ
1487.png,7162УБН
1488.png,2632УБЗ
1489.png,4641СЭҮ
1490.png,5430ТӨВ
1491.png,0967УБХ
1492.png,1542СЭҮ
1493.png,4176УБП
1494.png,1603ТӨА
1495.png,0431УБҮ
1496.png,0004УББ
1497.png,9480УНЧ
1498.png,2223УНР
1499.png,5628УБУ
1500.png,7894УБО
1501.png,5721ДАХ
1502.png,6449УНК
1503.png,2838СЭА
1504.png,6563УБО
1505.png,5272ТӨҮ
1506.png,2934УБВ
1507.png,9263ДАХ
1508.png,1164УБЦ
1509.png,7813УНБ
1510.png,4443ОРО
1511.png,7778УБҮ
1512.png,6017ТӨВ
1513.png,5739УБХ
1514.png,9838УБЭ
1515.png,7394ОРХ
1516.png,0446УБН
1517.png,4994БУА
1518.png,3690УНД
1519.png,2186УБЕ
1520.png,7030УНЭ
1521.png,7488УБР
1522.png,9103ДАХ
1523.png,6993ТӨВ
1524.png,0676УБД
1525.png,4458ДАР
1526.png,4854ОРХ
1527.png,0983УНУ
1528.png,9059СЭА
1529.png,9320УНД
1530.png,5938УБС
1531.png,5207УНП
1532.png,5473УНИ
1533.png,8454ДАР
1534.png,7194УББ
1535.png,1133ТӨҮ
1536.png,6383ОРО
1537.png,4686ОРХ
1538.png,0570УБД
1539.png,2525УБУ
1540.png,8803УБЕ
1541.png,9945УБП
1542.png,2928ДАХ
1543.png,2330ТӨА
1544.png,1349СБА
1545.png,4226УНҮ
1546.png,6573УНМ
1547.png,2223УНР
1548.png,4769УБА
1549.png,6312УБП
1550.png,5224УНК
1551.png,3333ОРО
1552.png,2941УБК
1553.png,9616УНЧ
1554.png,1748УБЦ
1555.png,4223УНӨ
1556.png,9963УНХ
1557.png,3052УНЧ
1558.png,0494СЭА
1559.png,9502ДАР
1560.png,8403УБН
1561.png,3395ОРХ
1562.png,1741УНЭ
1563.png,3054ОРО
1564.png,9552УНЕ
1565.png,3309ОРХ
1566.png,3436УНА
1567.png,9636ДАХ
1568.png,6938УБҮ
1569.png,5494УБО
1570.png,5494УБО
1571.png,1779УНА
1572.png,6073ДАР
1573.png,3242УНС
1574.png,3984СЭА
1575.png,1162ОРО
1576.png,8117УНГ
1577.png,6797СЭҮ
1578.png,4238УБИ
1579.png,0087УБӨ
1580.png,9952УБХ
1581.png,0141УНБ
1582.png,5757ДӨВ
1583.png,6182УБИ
1584.png,7485УБМ
1585.png,6262УБГ
1586.png,3441УНЯ
1587.png,9539УБВ
1588.png,5342УНН
1589.png,0433ОРХ
1590.png,9677ТӨА
1591.png,6671УНЗ
1592.png,7328ДАР
1593.png,7716УНИ
1594.png,3144УБЭ
1595.png,6057УНВ
1596.png,0098УНИ
1597.png,4543УБЦ
1598.png,1555УБЭ
1599.png,8496УНП
1600.png,0154ТӨВ
1601.png,9647ДАР
1602.png,9852СЭА
1603.png,0522ТӨВ
1604.png,0533ДАР
1605.png,9890ОРА
1606.png,2567ТӨВ
1607.png,1511ДАА
1608.png,1114УНП
1609.png,9646УНЧ
1610.png,0749УНӨ
1611.png,1576УНБ
1612.png,9097ТӨА
1613.png,6106УБА
1614.png,1087УНС
1615.png,8913УНА
1616.png,6247УНҮ
1617.png,4321ОРО
1618.png,3413ОРО
1619.png,5806УНХ
1620.png,8185УБР
1621.png,0106БНА
1622.png,7960УБУ
1623.png,1211УБЦ
1624.png,7108ДАР
1625.png,4177УНХ
1626.png,4307ДӨА
1627.png,7771УНЭ
1628.png,9091УНЭ
1629.png,2485УНЭ
1630.png,1752УНВ
1631.png,5972УБН
1632.png,3496УНТ
1633.png,0612ОРА
1634.png,5803ОРХ
1635.png,7845УБӨ
1636.png,8052УБП
1637.png,3640УБН
1638.png,0596ДАР
1639.png,0794УНВ
1640.png,5108УНД
1641.png,0099СББ
1642.png,1199УНЭ
1643.png,6907УБЦ
1644.png,1487УНТ
1645.png,3670УБЛ
1646.png,8130УНЦ
1647.png,8838СЭА
1648.png,4357УБМ
1649.png,4651УБҮ
1650.png,0172СЭҮ
1651.png,0234УНН
1652.png,2298УНӨ
1653.png,0920УБО
1654.png,0728УБО
1655.png,1179УНЭ
1656.png,2891СЭА
1657.png,1956ТӨВ
1658.png,8084ТӨА
1659.png,3688УБЛ
1660.png,9434УБЕ
1661.png,3786ТӨВ
1662.png,3433УБҮ
1663.png,6679ДАР
1664.png,9853УБӨ
1665.png,4327УБК
1666.png,4928СЭА
1667.png,7176ДАР
1668.png,2906УБВ
1669.png,6564УБЧ
1670.png,1723УНК
1671.png,2839УНҮ
1672.png,3610УБЭ
1673.png,4954ДАР
1674.png,7819СЭҮ
1675.png,6504СЭҮ
1676.png,3437УБЕ
1677.png,6458ОРО
1678.png,7337ДАА
1679.png,6097УНН
1680.png,5000УНП
1681.png,9390УБД
1682.png,7620ДБХ
1683.png,2351ДАР
1684.png,7516ДАР
1685.png,4064УБП
1686.png,7644УНГ
1687.png,0596ДАР
1688.png,1317ОРХ
1689.png,1439УБТ
1690.png,4513ХӨА
1691.png,6671УНЗ
1692.png,1500УНХ
1693.png,5291ДУА
1694.png,4618ОРА
1695.png,0098УНИ
1696.png,3503УБӨ
1697.png,1181УБЗ
1698.png,4385УБЦ
1699.png,5190УБЛ
1700.png,5003СЭА
1701.png,8684УБА
1702.png,1477УНД
1703.png,2161УБТ
1704.png,5725УБП
1705.png,6672СЭҮ
1706.png,5839ДАР
1707.png,8913СЭҮ
1708.png,6960ОРА
1709.png,2414СЭҮ
1710.png,1628УНХ
1711.png,6028УНО
1712.png,0865УБН
1713.png,0820УБА
1714.png,1254УБЕ
1715.png,8990ХӨА
1716.png,5232УБХ
1717.png,0826УНО
1718.png,3595ТӨА
1719.png,6833УБЯ
1720.png,1116УБД
1721.png,5542УНН
1722.png,2967УНЛ
1723.png,3168ОРХ
1724.png,1991ОРХ
1725.png,8188УНИ
1726.png,9304УБО
1727.png,9973УНО
1728.png,9235УБГ
1729.png,7486УББ
1730.png,5157ДАХ
1731.png,0010СЭҮ
1732.png,0918УНЭ
1733.png,8392УНМ
1734.png,8543ДОР
1735.png,3103ОРА
1736.png,6768ОРХ
1737.png,0504УБВ
1738.png,9836ОРО
1739.png,5585УНЭ
1740.png,3129УНК
1741.png,4372ДАХ
1742.png,7488УВА
1743.png,1341ДАХ
1744.png,4251УНМ
1745.png,7769УБХ
1746.png,3545УБД
1747.png,0622УБП
1748.png,8446УНД
1749.png,2652СЭҮ
1750.png,5202УНО
1751.png,1469СЭА
1752.png,9795ХОА
1753.png,7484ХӨА
1754.png,0301УБХ
1755.png,6747ОРА
1756.png,3546ДӨА
1757.png,0065ДАР
1758.png,2410ОРО
1759.png,9712УБР
1760.png,3019АРХ
1761.png,3554УБМ
1762.png,8838СЭА
1763.png,8012УНУ
1764.png,3553СЭА
1765.png,2795УБО
1766.png,9290ДАР
1767.png,0567УНВ
1768.png,8620УБЗ
1769.png,9838УБЭ
1770.png,5166УНМ
1771.png,4861СЭҮ
1772.png,2835ДАХ
1773.png,3152ДАХ
1774.png,1328ОРА
1775.png,3376УБҮ
1776.png,4598УБП
1777.png,7375УНЗ
1778.png,7473ТӨА
1779.png,9778УНБ
1780.png,5537СЭА
1781.png,9623УБИ
1782.png,1221УНУ
1783.png,6165УНЦ
1784.png,6731УНС
1785.png,0107УБЧ
1786.png,6239ОРО
1787.png,8770УБР
1788.png,9068ДАР
1789.png,9376УБО
1790.png,4806УБК
1791.png,6438УБУ
1792.png,9395УНМ
1793.png,3161УНА
1794.png,2031УБӨ
1795.png,4976УБД
1796.png,4385УБЦ
1797.png,0995УНП
1798.png,5373СЭҮ
1799.png,6247УБО
1800.png,4639УБВ
1801.png,5806УНХ
1802.png,2033УНО
1803.png,8040УНЭ
1804.png,8011УБА
1805.png,7300УНС
1806.png,7253ОРХ
1807.png,7186УНК
1808.png,0764УБТ
1809.png,0052УБН
1810.png,6147ДАР
1811.png,0103СББ
1812.png,4629УБӨ
1813.png,8328УНХ
1814.png,4888ОРО
1815.png,8228УБД
1816.png,0098УНЦ
1817.png,9990ТӨВ
1818.png,3556УБА
1819.png,1208УБН
1820.png,3147УНД
1821.png,3176ТӨВ
1822.png,7903УБЛ
1823.png,7693УНБ
1824.png,5999ДАА
1825.png,0054СБА
1826.png,0638ДБР
1827.png,6671УНЗ
1828.png,8875УББ
1829.png,3237УБА
1830.png,2800УБГ
1831.png,5177УБЛ
1832.png,0509СЭА
1833.png,0087СЭА
1834.png,2811УБУ
1835.png,3088УБО
1836.png,8388СЭҮ
1837.png,6568БУЛ
1838.png,4519УНТ
1839.png,5751ТӨА
1840.png,0025ТӨВ
1841.png,7135УНБ
1842.png,4396УБР
1843.png,3564УБО
1844.png,1331ОРХ
1845.png,7140УНО
1846.png,4238УНП
1847.png,7849УБЯ
1848.png,1777СББ
1849.png,4107УБС
1850.png,9863УНУ
1851.png,4059УБМ
1852.png,8609ОРХ
1853.png,4174ТӨА
1854.png,5761БРА
1855.png,9285УНД
1856.png,9268УНЯ
1857.png,5594ОРО
1858.png,1861УНЭ
1859.png,3187УНЧ
1860.png,6511ДАР
1861.png,4003УНЭ
1862.png,0641УНМ
1863.png,6582ДАХ
1864.png,6888ДАА
1865.png,5387ДАР
1866.png,0161ХӨА
1867.png,9977СЭҮ
1868.png,5178УНВ
1869.png,2478СЭҮ
1870.png,8405УНМ
1871.png,4500УНС
1872.png,9332УБГ
1873.png,0998УНР
1874.png,7083УБТ
1875.png,5958ТӨВ
1876.png,4346СЭА
1877.png,8445УНМ
1878.png,9558ДАР
1879.png,6953ДАХ
1880.png,1050УНП
1881.png,6620УНУ
1882.png,9718СЭА
1883.png,0105ОРО
1884.png,3278УНД
1885.png,7016УБВ
1886.png,3501УБӨ
1887.png,7757УБҮ
1888.png,3403УБР
1889.png,0012УНП
1890.png,8073УНГ
1891.png,1797УБЭ
1892.png,9358ДАХ
1893.png,9976ОРО
1894.png,5009УНН
1895.png,0200УБГ
1896.png,9124УНБ
1897.png,3152ДАХ
1898.png,5552УНЦ
1899.png,3334СББ
1900.png,5603УНИ
1901.png,4863УНҮ
1902.png,7975УБИ
1903.png,1510ДАХ
1904.png,1067УБВ
1905.png,9687УБЧ
1906.png,8630ДАХ
1907.png,3189УБХ
1908.png,9982УБГ
1909.png,4379УБЭ
1910.png,0529УБЯ
1911.png,7424УБЦ
1912.png,6671УНЗ
1913.png,4414ТӨА
1914.png,8122УБП
1915.png,5117УБТ
1916.png,4292ТӨВ
1917.png,5440СЭА
1918.png,7360УБЗ
1919.png,1509ДАР
1920.png,3885ДАР
1921.png,8193УБЦ
1922.png,1157ОРА
1923.png,1353ОРО
1924.png,2943УБС
1925.png,0546УББ
1926.png,5781УНА
1927.png,2297ОРО
1928.png,9657УНК
1929.png,1063УБО
1930.png,3156ХӨВ
1931.png,9965ДАХ
1932.png,8044УБУ
1933.png,1038ДӨА
1934.png,4646УББ
1935.png,6123ДАР
1936.png,4647УНП
1937.png,7942ТӨА
1938.png,9744ОРО
1939.png,6857УНК
1940.png,0078ХЭА
1941.png,6006УНК
1942.png,5628УНР
1943.png,4167УНҮ
1944.png,1439УБЯ
1945.png,8164УБЭ
1946.png,4390ДӨА
1947.png,0737УБЧ
1948.png,5895УНБ
1949.png,1162ОРА
1950.png,0906ДАР
1951.png,1326ОРА
1952.png,7375УНЗ
1953.png,7975БУА
1954.png,9230УБК
1955.png,4196УНО
1956.png,6016ДАР
1957.png,0903ОРА
1958.png,0147УНӨ
1959.png,3696УНУ
1960.png,7639УБЦ
1961.png,3862ОРХ
1962.png,2175ДӨВ
1963.png,1727СЭА
1964.png,6655ДАХ
1965.png,7548УБЦ
1966.png,3915ОРО
1967.png,6490УБТ
1968.png,9747ТӨВ
1969.png,5787УБЯ
1970.png,4383ДАХ
1971.png,1944УНК
1972.png,1815УНЛ
1973.png,4283БРА
1974.png,3214ДАР
1975.png,3749ДАХ
1976.png,2695УНП
1977.png,7863УНЕ
1978.png,6801ДАХ
1979.png,1976ДӨА
1980.png,8575УБЛ
1981.png,2744УБП
1982.png,7016УБВ
1983.png,3324УНУ
1984.png,7291ТӨА
1985.png,8397БУЛ
1986.png,0574СЭА
1987.png,5490ДГО
1988.png,4750УНС
1989.png,8858УНВ
1990.png,8394УНГ
1991.png,6885ДАР
1992.png,1662ТӨА
1993.png,2915УБС
1994.png,2401УНӨ
1995.png,5003УБЭ
1996.png,0640УБС
1997.png,4809СЭҮ
1998.png,5221ДАР
1999.png,2403ДАР
2000.png,0115УБИ
2001.png,7741УБЭ
2002.png,7473ТӨА
2003.png,8416ДАР
2004.png,6279ТӨА
2005.png,0737УБЕ
2006.png,1133ОРО
2007.png,8107УББ
2008.png,6055УБУ
2009.png,5025ХӨҮ
2010.png,3953УБЛ
2011.png,6797СЭҮ
2012.png,5790УНП
2013.png,6055УБУ
2014.png,1961УНЯ
2015.png,1107ТӨҮ
2016.png,8957ДАХ
2017.png,7593УНЛ
2018.png,7021СЭА
2019.png,8735УНР
2020.png,0246УБТ
2021.png,9025ДАР
2022.png,1304ДАХ
2023.png,6873ДАР
2024.png,8735ДӨА
2025.png,1765УБЦ
2026.png,3986УБЯ
2027.png,9298ХӨА
2028.png,9980УБП
2029.png,2037УБҮ
2030.png,5056ХӨВ
2031.png,0053ОРА
2032.png,3664УНГ
2033.png,1277ДӨВ
2034.png,1300ДАА
2035.png,1410УНТ
2036.png,6039УНЧ
2037.png,7542ТӨА
2038.png,5535ДАР
2039.png,4571УНХ
2040.png,2377ДАР
2041.png,7900СЭҮ
2042.png,8219УБЗ
2043.png,4265СЭҮ
2044.png,7795ДАХ
2045.png,8084ТӨА
2046.png,3481ТӨА
2047.png,5343УБЭ
2048.png,6701УНП
2049.png,8353УБУ
2050.png,3176ТӨВ
2051.png,1236УБӨ
2052.png,3753УБИ
2053.png,4020УНЗ
2054.png,0147УБН
2055.png,3512УНБ
2056.png,9344УНЦ
2057.png,1995УБМ
2058.png,6806УБН
2059.png,3722СЭҮ
2060.png,8970УНД
2061.png,8927УБЗ
2062.png,4079УНБ
2063.png,8932УБН
2064.png,9187ХӨҮ
2065.png,6417СЭА
2066.png,7788УНЯ
2067.png,3770УНТ
2068.png,6540СЭА
2069.png,5764УНМ
2070.png,0328ХЭА
2071.png,9533УНИ
2072.png,4804СЭА
2073.png,9277УНИ
2074.png,0452ОРА
2075.png,0152УНӨ
2076.png,3663УНН
2077.png,6038УБО
2078.png,9377ДБР
2079.png,7380УНУ
2080.png,7737УНИ
2081.png,0110ОРА
2082.png,3997УНВ
2083.png,0181УБЦ
2084.png,5097ОРХ
2085.png,5623УБҮ
2086.png,1619ДАА
2087.png,3313УНА
2088.png,7999ДАР
2089.png,9288ДАХ
2090.png,4894УНМ
2091.png,9203УНБ
2092.png,1978ДАР
2093.png,0719УБО
2094.png,0350УНЕ
2095.png,4291УБК
2096.png,0666СЭА
2097.png,4398ТӨВ
2098.png,0638ОРХ
2099.png,3644ДӨВ
2100.png,8283УНК
2101.png,4860ДАР
2102.png,7999УНР
2103.png,7739УНХ
2104.png,6928УБО
2105.png,8558ДАР
2106.png,3304УНМ
2107.png,7375УБМ
2108.png,9447УНЛ
2109.png,0123УБС
2110.png,8328ТӨВ
2111.png,0752УНЧ
2112.png,1080ДАР
2113.png,1138ОРО
2114.png,0020ДАР
2115.png,2092УБР
2116.png,4388УНИ
2117.png,6893УНБ
2118.png,5691УНЯ
2119.png,2239УНЦ
2120.png,2005ОРО
2121.png,3196УБН
2122.png,2789УНХ
2123.png,1686БРА
2124.png,6185УБА
2125.png,5368УБУ
2126.png,7889УБД
2127.png,8459ДАР
2128.png,9550УБА
2129.png,1331ОРХ
2130.png,7373ДАА
2131.png,4864УНМ
2132.png,3761УБР
2133.png,7508СЭҮ
2134.png,1178УБЛ
2135.png,9366УНТ
2136.png,2323ОРХ
2137.png,0400УНС
2138.png,1882ОРО
2139.png,0522ТӨВ
2140.png,9947УБН
2141.png,9673УБҮ
2142.png,4424УНТ
2143.png,5282СЭА
2144.png,9550УБА
2145.png,9783СЭҮ
2146.png,7080УНЭ
2147.png,1555ӨВО
2148.png,0027БУА
2149.png,5492УНТ
2150.png,8185УНЗ
2151.png,7016УБВ
2152.png,5709УБС
2153.png,6528СЭҮ
2154.png,2875УНИ
2155.png,0417УНЧ
2156.png,6055УБР
2157.png,0449УБМ
2158.png,9167УБС
2159.png,6264ХӨА
2160.png,7323ХӨВ
2161.png,9619ОРО
2162.png,0635УБН
2163.png,5003УБЭ
2164.png,2223УНР
2165.png,0742УБГ
2166.png,0554СЭА
2167.png,0002БУА
2168.png,3146ДАР
2169.png,0662УНГ
2170.png,0722УБК
2171.png,2999ДАР
2172.png,0453УБМ
2173.png,7337ДАА
2174.png,6291УБЕ
2175.png,2342УНӨ
2176.png,1133УНГ
2177.png,0195ХЭА
2178.png,1835УБЛ
2179.png,3245УНД
2180.png,9892УНР
2181.png,8412УБП
2182.png,0507ОРА
2183.png,4499ДАА
2184.png,2847ДАХ
2185.png,3441УБМ
2186.png,7717УНИ
2187.png,8633ТӨА
2188.png,9732УНӨ
2189.png,0810ОРХ
2190.png,3665УНЛ
2191.png,8394УНГ
2192.png,6150ДОА
2193.png,4961ДАР
2194.png,3149УБЯ
2195.png,4398УНӨ
2196.png,1082ДАХ
2197.png,4132ДАР
2198.png,8444УБҮ
2199.png,4554УНӨ
2200.png,9864УБМ
2201.png,5386УНЯ
2202.png,4745ТӨВ
2203.png,3787ОРХ
2204.png,7723УБЭ
2205.png,9498УНО
2206.png,8045УНБ
2207.png,8866СЭА
2208.png,7446УНЦ
2209.png,9939УНН
2210.png,0999СЭҮ
2211.png,5035УБЯ
2212.png,4523УНВ
2213.png,1888СЭА
2214.png,8979УБГ
2215.png,8324УБР
2216.png,1559ДАР
2217.png,0025ТӨВ
2218.png,8990ОРХ
2219.png,4054УНЧ
2220.png,3870УБД
2221.png,9894УНЗ
2222.png,1809УБН
2223.png,0941УБТ
2224.png,5486УБЗ
2225.png,3988УБХ
2226.png,5395ТӨҮ
2227.png,7855УНЯ
2228.png,4732УНА
2229.png,1869УНТ
2230.png,8607УНР
2231.png,3173ОРА
2232.png,6070ДАА
2233.png,4191УБД
2234.png,9068УБА
2235.png,3493УНВ
2236.png,8767УБК
2237.png,7638УБА
2238.png,6572УБС
2239.png,8834УБМ
2240.png,4264УНО
2241.png,5815ОРА
2242.png,7213ОРХ
2243.png,4694СЭА
2244.png,0463УНЕ
2245.png,7888ДАР
2246.png,6471УНЦ
2247.png,9670УББ
2248.png,9894УНЗ
2249.png,4014УНГ
2250.png,4209СЭҮ
2251.png,9124УНӨ
2252.png,4772УБҮ
2253.png,0388УБА
2254.png,5371ДАР
2255.png,8735УНР
2256.png,5810УНП
2257.png,0318ЗАН
2258.png,0895СЭА
2259.png,9034ОРХ
2260.png,6771УНГ
2261.png,9513СЭА
2262.png,9275УБР
2263.png,0598СЭА
2264.png,4264УНО
2265.png,9913СЭА
2266.png,7611УНН
2267.png,3289УНӨ
2268.png,4909УБГ
2269.png,6468СЭА
2270.png,0736УБК
2271.png,2632УБЗ
2272.png,8194УБИ
2273.png,7345УНЕ
2274.png,7210УБЧ
2275.png,0115ТӨА
2276.png,3588СЭА
2277.png,3291УНП
2278.png,3953УБЛ
2279.png,3147ОРО
2280.png,7147СЭА
2281.png,7980УБГ
2282.png,3284УБЧ
2283.png,9020СЭА
2284.png,2991УНВ
2285.png,0538ТӨА
2286.png,0644УБП
2287.png,8860ОРО
2288.png,1449УНР
2289.png,8578БУЛ
2290.png,8694УНВ
2291.png,5825ОРХ
2292.png,0238УНЕ
2293.png,2529УНУ
2294.png,9526УНЦ
2295.png,6723УБМ
2296.png,1390УБЦ
2297.png,3522УНБ
2298.png,4030ДАР
2299.png,1663УБО
2300.png,2932ДАР
2301.png,2759УНЛ
2302.png,0551ХӨА
2303.png,4311УНА
2304.png,6062УНИ
2305.png,3067ДӨА
2306.png,0040УБХ
2307.png,4788УБЧ
2308.png,9245ОРХ
2309.png,3686ДАР
2310.png,9647УБЛ
2311.png,8089УНЗ
2312.png,1887УБС
2313.png,9770УНӨ
2314.png,9073УБН
2315.png,0643УБЦ
2316.png,4078УНО
2317.png,0883УБГ
2318.png,6020ТӨА
2319.png,0662УНГ
2320.png,6782УБК
2321.png,2494УБЯ
2322.png,4110УНК
2323.png,6185СЭА
2324.png,0689УБИ
2325.png,7232УБҮ
2326.png,5857УБЧ
2327.png,9824ДАР
2328.png,7027УНЭ
2329.png,7223УНЕ
2330.png,2181УНА
2331.png,6812ДАР
2332.png,2543УНГ
2333.png,0659УНӨ
2334.png,2019ДАА
2335.png,9592УБҮ
2336.png,7197УБР
2337.png,1526ОРХ
2338.png,8339ӨВР
2339.png,3832УНР
2340.png,1077УНЧ
2341.png,1872ДАР
2342.png,5937УНГ
2343.png,3739СЭА
2344.png,6017ТӨВ
2345.png,4544УБЭ
2346.png,2351ДАР
2347.png,0880СБА
2348.png,5545ТӨА
2349.png,1555УБП
2350.png,4416УНЕ
2351.png,1548УБЯ
2352.png,2205УНМ
2353.png,2031СЭҮ
2354.png,4353УБА
2355.png,5226УБИ
2356.png,0861УНЕ
2357.png,0068ОРА
2358.png,3888УББ
2359.png,2626ОРА
2360.png,5395ДӨҮ
2361.png,7259УНИ
2362.png,6165УНЦ
2363.png,8895УНҮ
2364.png,6122УНЛ
2365.png,9907УБЭ
2366.png,7211ТӨВ
2367.png,6143УНТ
2368.png,7193УБҮ
2369.png,4948УНЧ
2370.png,5207УНП
2371.png,5210УНҮ
2372.png,8812УБД
2373.png,5806ДАР
2374.png,2843ОРА
2375.png,2624УНА
2376.png,9515ДӨА
2377.png,2638ГСА
2378.png,8256УБЧ
2379.png,9413УБЯ
2380.png,9505УБД
2381.png,7858ДАР
2382.png,4165УБЛ
2383.png,5099УНЯ
2384.png,9460УНА
2385.png,0947УНИ
2386.png,4037УНБ
2387.png,7812ТӨА
2388.png,9376УБО
2389.png,4446ОРХ
2390.png,1302УБГ
2391.png,2802УБП
2392.png,2097ТӨВ
2393.png,7970СЭА
2394.png,3935УНЕ
2395.png,0503ДАР
2396.png,3770УНТ
2397.png,4135УБХ
2398.png,0743УНҮ
2399.png,9725УБҮ
2400.png,7291ОРХ
2401.png,1416УНЕ
2402.png,0837УБӨ
2403.png,8900ДАХ
2404.png,5709УБС
2405.png,0659УНӨ
2406.png,7675СЭА
2407.png,6085УНЦ
2408.png,1447УНЧ
2409.png,4589УБУ
2410.png,8418УНВ
2411.png,7452УБД
2412.png,0459УБУ
2413.png,1895СБА
2414.png,4390ТӨА
2415.png,4080УНД
2416.png,5282ОРА
2417.png,2251УНА
2418.png,4956УНТ
2419.png,5723УНП
2420.png,0893УНЧ
2421.png,4799УНМ
2422.png,2118ТӨВ
2423.png,4570УБМ
2424.png,7781УНГ
2425.png,1302СЭА
2426.png,5409ТӨВ
2427.png,6348ДАР
2428.png,4131ОРА
2429.png,2992УБТ
2430.png,3604УНН
2431.png,1969СЭА
2432.png,9678УБХ
2433.png,6568УНА
2434.png,5280СЭА
2435.png,2068ДАР
2436.png,3374УНР
2437.png,1325УБЗ
2438.png,8704УНД
2439.png,4420БУА
2440.png,0688УНЯ
2441.png,7961СЭҮ
2442.png,8902СЭА
2443.png,5347ДАХ
2444.png,8492УБЧ
2445.png,2353УББ
2446.png,2787УБХ
2447.png,1409УБП
2448.png,6053СЭҮ
2449.png,1794УБС
2450.png,2250УБӨ
2451.png,4725УБП
2452.png,4976УНГ
2453.png,3842УБИ
2454.png,5862УНИ
2455.png,3376ДАХ
2456.png,2484СББ
2457.png,7412УБТ
2458.png,0633УНӨ
2459.png,8212УБҮ
2460.png,7293СЭА
2461.png,8374УНВ
2462.png,0301УБХ
2463.png,3842УБИ
2464.png,2088ДАА
2465.png,4279УНМ
2466.png,0070ХЭА
2467.png,6580СЭА
2468.png,2805УБЦ
2469.png,7927УБЦ
2470.png,2590УНО
2471.png,7363УНС
2472.png,7547ОРХ
2473.png,0335УБӨ
2474.png,3741УБА
2475.png,0553УНБ
2476.png,1032УБЛ
2477.png,3666УБЗ
2478.png,0329ОРО
2479.png,4508УНВ
2480.png,5004ОРХ
2481.png,7592УНЛ
2482.png,5142ӨВР
2483.png,5045ДАР
2484.png,4508УНВ
2485.png,5516СЭА
2486.png,0461УНД
2487.png,1606УНМ
2488.png,8902УНР
2489.png,2082УБП
2490.png,6982УБЭ
2491.png,9177УБМ
2492.png,5483ДАР
2493.png,1824ДАХ
2494.png,5352ДАХ
2495.png,8053УБӨ
2496.png,5341УНУ
2497.png,6895УБЯ
2498.png,8034ОРХ
2499.png,8084ОРХ
2500.png,5769ТӨА
2501.png,7644СЭА
2502.png,1609УБА
2503.png,4945УНЭ
2504.png,3496УНТ
2505.png,3244УНХ
2506.png,3545УБД
2507.png,1635СЭҮ
2508.png,0052СБА
2509.png,1126ДАХ
2510.png,8987СЭА
2511.png,8108УБЦ
2512.png,0596УБО
2513.png,6165УБЗ
2514.png,3141ОРХ
2515.png,5555УНН
2516.png,9886НӨҮ
2517.png,6137УНГ
2518.png,0994УБК
2519.png,4073УБО
2520.png,3119ДАХ
2521.png,4873УБЛ
2522.png,2612УБЭ
2523.png,9872УБЕ
2524.png,0172СЭҮ
2525.png,3967ТӨВ
2526.png,3648УБЭ
2527.png,4298ДАР
2528.png,4281УНЯ
2529.png,0824УНР
2530.png,3288ОРА
2531.png,0468УНЦ
2532.png,4048УНА
2533.png,8924УБУ
2534.png,8040УНЛ
2535.png,4640УНМ
2536.png,9387УБУ
2537.png,0513ОРО
2538.png,0737ОРХ
2539.png,3334УНҮ
2540.png,4447ДАА
2541.png,0538ДӨА
2542.png,6049ТӨА
2543.png,5044ДАХ
2544.png,1998СБА
2545.png,4654УБД
2546.png,7615УБҮ
2547.png,5026ДАХ
2548.png,0837УНИ
2549.png,6529УНТ
2550.png,8084ТӨА
2551.png,0522ТӨВ
2552.png,3589ДАХ
2553.png,4711УНЦ
2554.png,4293ОРО
2555.png,0691УНД
2556.png,3487УНӨ
2557.png,5537УБЭ
2558.png,3074УНТ
2559.png,2220ОРО
2560.png,9320УНЕ
2561.png,2242УБН
2562.png,3090УБТ
2563.png,6624ДӨВ
2564.png,0069СББ
2565.png,7485УБМ
2566.png,7183ДАХ
2567.png,9803УНД
2568.png,7228УБН
2569.png,7526СЭҮ
2570.png,0771УБП
2571.png,9980УНЛ
2572.png,2082УБП
2573.png,5794УБС
2574.png,4567УБН
2575.png,8938УНН
2576.png,6502УБИ
2577.png,0715СЭА
2578.png,1794УБЛ
2579.png,4837ОРО
2580.png,1307ТӨВ
2581.png,0617ТӨВ
2582.png,0662УНГ
2583.png,0028ДАА
2584.png,9158УБЦ
2585.png,8012УБЭ
2586.png,2803УБС
2587.png,1013УНН
2588.png,7832СЭА
2589.png,4709ДӨА
2590.png,0783ДАХ
2591.png,7848ДАХ
2592.png,6266УБЛ
2593.png,1632ОРХ
2594.png,8335УНД
2595.png,5395ТӨҮ
2596.png,9783СЭҮ
2597.png,6018УБО
2598.png,4776УНК
2599.png,7630УБН
2600.png,0022ДБХ
2601.png,4262УБТ
2602.png,0177УБХ
2603.png,2571УБГ
2604.png,4526ДАХ
2605.png,7033УБИ
2606.png,3222УБЯ
2607.png,9168УБТ
2608.png,8735ТӨА
2609.png,7009УБМ
2610.png,0914УНД
2611.png,0303СБА
2612.png,8704УБҮ
2613.png,3790УНМ
2614.png,0703БУБ
2615.png,0104УБҮ
2616.png,0269ДАР
2617.png,1250УНР
2618.png,9836ДАР
2619.png,6998УНН
2620.png,5137УБЭ
2621.png,1390ДАР
2622.png,9422УБЯ
2623.png,0974УБХ
2624.png,4160БУА
2625.png,5104УБП
2626.png,2018УБМ
2627.png,2900УБЦ
2628.png,3640УБН
2629.png,9647ДАР
2630.png,9511УНС
2631.png,6988УНЕ
2632.png,2340УНВ
2633.png,1833ДАХ
2634.png,0837УНЕ
2635.png,0901СЭА
2636.png,0659УНӨ
2637.png,9358УНК
2638.png,1512УБП
2639.png,5156УБО
2640.png,8505УБХ
2641.png,1066УБЗ
2642.png,2222УБЗ
2643.png,2908УНЭ
2644.png,0323ОРА
2645.png,8080ДАА
2646.png,7108УБГ
2647.png,2520УНУ
2648.png,0772ДАХ
2649.png,2995УНН
2650.png,9220СЭА
2651.png,9972УНХ
2652.png,5559ДАА
2653.png,0698УБЧ
2654.png,7574УНЯ
2655.png,0659УНӨ
2656.png,4563ОРХ
2657.png,8479ДАХ
2658.png,9749СЭА
2659.png,3512УНБ
2660.png,4745УБК
2661.png,5224ДГО
2662.png,0760ОРХ
2663.png,4567УБН
2664.png,2378ДАР
2665.png,8711УБД
2666.png,4543УБЦ
2667.png,1503СЭА
2668.png,1010УНЛ
2669.png,9339УБЛ
2670.png,0276УНС
2671.png,9044СЭА
2672.png,0686ОРО
2673.png,6878ДАР
2674.png,8770УБР
2675.png,6806УБН
2676.png,1107ТӨҮ
2677.png,5821УНР
2678.png,4478ДАХ
2679.png,6843СЭА
2680.png,2440ДАХ
2681.png,4831ДАХ
2682.png,8635УБМ
2683.png,5177УБЛ
2684.png,4176УБП
2685.png,6859УБО
2686.png,6075УНҮ
2687.png,2261УНП
2688.png,1629УНП
2689.png,1107ДӨҮ
2690.png,6398ХӨҮ
2691.png,8729ДАР
2692.png,3433УБҮ
2693.png,4598УБЛ
2694.png,3238УНЯ
2695.png,3355ДАА
2696.png,4671УБМ
2697.png,2261УНП
2698.png,2462ДАР
2699.png,3838УБА
2700.png,8018ТӨА
2701.png,9985УБН
2702.png,5848ДАХ
2703.png,8806УНН
2704.png,8760УНГ
2705.png,0038ОРО
2706.png,0831ДАР
2707.png,0777ОРА
2708.png,3569СЭА
2709.png,3284УБЧ
2710.png,4357УНӨ
2711.png,3601УНЕ
2712.png,4363ДАХ
2713.png,3684ОРХ
2714.png,1480ОРА
2715.png,2702УБО
2716.png,8305УНБ
2717.png,4940УБМ
2718.png,7446УНР
2719.png,4122УБЦ
2720.png,1337ОРХ
2721.png,0028ДАА
2722.png,1410УНБ
2723.png,0099УНЧ
2724.png,6940СЭА
2725.png,6875УНХ
2726.png,4844УБТ
2727.png,0980ДАХ
2728.png,1241ОРО
2729.png,1869ОРО
2730.png,4114УНР
2731.png,0662УНГ
2732.png,1011УБЗ
2733.png,8913СЭҮ
2734.png,7062УНҮ
2735.png,3226УБЯ
2736.png,2631УНЦ
2737.png,7305УНХ
2738.png,7118УБЦ
2739.png,3204УНЛ
2740.png,9701УНУ
2741.png,5051СБА
2742.png,2018УБМ
2743.png,0226ТӨА
2744.png,8198ОРО
2745.png,8132ХЭҮ
2746.png,1046СЭА
2747.png,7733ОРО
2748.png,3335УНЗ
2749.png,5319УНА
2750.png,5344СЭА
2751.png,3158УНК
2752.png,6928УБО
2753.png,3981ДАР
2754.png,5111ДАА
2755.png,0750ОРХ
2756.png,0989ОРХ
2757.png,4956УНТ
2758.png,4467УНЭ
2759.png,0459УНЯ
2760.png,6170УБК
2761.png,2273ТӨВ
2762.png,2023УБЗ
2763.png,4631УБЕ
2764.png,0042СЭҮ
2765.png,9395УБЗ
2766.png,2525УБУ
2767.png,1128БУЛ
2768.png,3873УНЦ
2769.png,1560УБК
2770.png,9495УНЛ
2771.png,9961УНЗ
2772.png,4545СЭА
2773.png,7587ОРХ
2774.png,2269УБВ
2775.png,3221УБМ
2776.png,6418УНГ
2777.png,7176ДАР
2778.png,4751АРА
2779.png,1874ТӨА
2780.png,3978УНТ
2781.png,4319УНЛ
2782.png,2387ОРА
2783.png,4396УБР
2784.png,7917ТӨА
2785.png,0662УНГ
2786.png,9279УНЧ
2787.png,9680СЭҮ
2788.png,2754УБЛ
2789.png,4912УБЧ
2790.png,1311СЭА
2791.png,0794УНВ
2792.png,9996УББ
2793.png,8242УБЗ
2794.png,7021СЭА
2795.png,5057УНҮ
2796.png,8328ТӨВ
2797.png,6086УНЗ
2798.png,9126ДАХ
2799.png,2874СЭҮ
2800.png,8543УБЧ
2801.png,0660СЭҮ
2802.png,4969ӨВО
2803.png,4740УНГ
2804.png,4798БРА
2805.png,2800УБГ
2806.png,2276СЭА
2807.png,2145СБА
2808.png,3030ГСА
2809.png,9830УНУ
2810.png,1730УБЧ
2811.png,3489ДАА
2812.png,9645УБР
2813.png,0054СБА
2814.png,4445УНГ
2815.png,9455УБЧ
2816.png,8866ТӨА
2817.png,0296ДАР
2818.png,4262УНТ
2819.png,6728УНМ
2820.png,4171УБӨ
2821.png,5777УБВ
2822.png,9647ДАР
2823.png,0747УНК
2824.png,3115УБЧ
2825.png,3351ТӨА
2826.png,2128СБА
2827.png,2273ТӨВ
2828.png,1575УБН
2829.png,9007ДАР
2830.png,7858УНС
2831.png,1861УНЭ
2832.png,7528ОРО
2833.png,9015ХӨА
2834.png,1713УНУ
2835.png,7300УНС
2836.png,5642ДАР
2837.png,0353УНЗ
2838.png,0141УНЭ
2839.png,3988ОРА
2840.png,7095УНК
2841.png,2753ДАР
2842.png,5000СББ
2843.png,6767УНА
2844.png,1771ДАР
2845.png,9728УБП
2846.png,7016УБВ
2847.png,9014УНТ
2848.png,7227УНЗ
2849.png,6239ОРО
2850.png,1477УБИ
2851.png,2270БРА
2852.png,9779СБА
2853.png,9587УНТ
2854.png,1521ДАХ
2855.png,4507УНҮ
2856.png,9040ОРХ
2857.png,5685ХӨҮ
2858.png,3076ТӨВ
2859.png,2770УНХ
2860.png,8696ОРО
2861.png,5039ОРХ
2862.png,0487ДАР
2863.png,0668УБУ
2864.png,5705УНХ
2865.png,2728УБД
2866.png,0515УБЦ
2867.png,1754УБӨ
2868.png,8655УБК
2869.png,2785УБӨ
2870.png,7912УБД
2871.png,8313УБИ
2872.png,5881УББ
2873.png,3155ОРХ
2874.png,8760УБЧ
2875.png,9498УНӨ
2876.png,4943УНХ
2877.png,1398СЭҮ
2878.png,3504УБӨ
2879.png,0538ТӨА
2880.png,7889УБД
2881.png,5555УБЭ
2882.png,7894ДӨА
2883.png,8568ТӨА
2884.png,1207ОРО
2885.png,9004УБК
2886.png,1456УНЭ
2887.png,5757ДӨВ
2888.png,0210ОРО
2889.png,4476УБИ
2890.png,9980УНЛ
2891.png,6098УНТ
2892.png,8170УБС
2893.png,4747ДАР
2894.png,7112УНГ
2895.png,7095СЭА
2896.png,2103УНА
2897.png,5535ДБР
2898.png,9009УБИ
2899.png,0739ДГА
2900.png,6888СЭҮ
2901.png,0506УБЗ
2902.png,0717УНЭ
2903.png,6217УНТ
2904.png,4982УНП
2905.png,0808ДАР
2906.png,6767УНА
2907.png,7130УНВ
2908.png,8064ДАР
2909.png,9194СЭҮ
2910.png,8437УНУ
2911.png,8479ДАХ
2912.png,7281УБЭ
2913.png,6940СЭА
2914.png,9757УБЭ
2915.png,6105УБК
2916.png,8234УБК
2917.png,6137ОРО
2918.png,7492УНГ
2919.png,0708ДАХ
2920.png,0590СЭҮ
2921.png,4398ТӨВ
2922.png,8968УНЭ
2923.png,9852ДАР
2924.png,7742УНЧ
2925.png,2879ОРХ
2926.png,0529УНИ
2927.png,3240ОРА
2928.png,4784УНА
2929.png,2205УНР
2930.png,1581ХӨВ
2931.png,8905УБУ
2932.png,7865СЭА
2933.png,5988УНТ
2934.png,9062УБҮ
2935.png,1378УБЯ
2936.png,5958ТӨА
2937.png,5903УНА
2938.png,1327УБЭ
2939.png,2591ОРХ
2940.png,5249УБМ
2941.png,1236ОРХ
2942.png,0453УБМ
2943.png,7586УБК
2944.png,3833УНЧ
2945.png,5232УБХ
2946.png,6484УНЛ
2947.png,9068УБМ
2948.png,0848ОРХ
2949.png,6516УНА
2950.png,3399УНГ
2951.png,0881УНЯ
2952.png,1057УНП
2953.png,0041УББ
2954.png,9387УБУ
2955.png,4022УНЛ
2956.png,5957УНП
2957.png,4631ОРА
2958.png,7973УБВ
2959.png,8815УНО
2960.png,1680УБЦ
2961.png,0669ОРХ
2962.png,1961УНБ
2963.png,3888УББ
2964.png,4265СЭҮ
2965.png,3656УНН
2966.png,8304ДАР
2967.png,8412УБП
2968.png,4755ОРО
2969.png,9409ДАХ
2970.png,4377УББ
2971.png,2025УБЦ
2972.png,4963ДАХ
2973.png,1288УБЦ
2974.png,3875УНЭ
2975.png,4971УБӨ
2976.png,5790ОРХ
2977.png,0312СЭҮ
2978.png,4063СБА
2979.png,1217ДАА
2980.png,2959УНЯ
2981.png,0257УБК
2982.png,5415УБУ
2983.png,4892УБЕ
2984.png,7989УНК
2985.png,5901ДАР
2986.png,0329УНС
2987.png,7328ДАР
2988.png,8972ОРХ
2989.png,8305УНЕ
2990.png,8207СЭҮ
2991.png,8777УББ
2992.png,7479УБЭ
2993.png,0616УНА
2994.png,0716ОРО
2995.png,5395ТӨҮ
2996.png,7957ДАР
2997.png,3256УБК
2998.png,4280ДАХ
2999.png,1263УНЭ
3000.png,0814УБТ
3001.png,4313УБЯ
3002.png,4873УБЛ
3003.png,6820УБҮ
3004.png,5661СЭА
3005.png,8422ДАХ
3006.png,7002УБЦ
3007.png,8276УБК
3008.png,4719УНГ
3009.png,5537СЭА
3010.png,4725УБП
3011.png,2462ДАР
3012.png,7874УНИ
3013.png,3860СЭА
3014.png,0441ДАР
3015.png,8996УБН
3016.png,4238УНТ
3017.png,5850ДАР
3018.png,0583УНЧ
3019.png,8379УНА
3020.png,3110ДАХ
3021.png,8616УНЭ
3022.png,0903ОРА
3023.png,2066УБВ
3024.png,9083УНЛ
3025.png,3052УНЧ
3026.png,5009ДАА
3027.png,6182УНВ
3028.png,5300ОРО
3029.png,2121УНО
3030.png,9858УБЗ
3031.png,5656ТӨҮ
3032.png,2425ДАА
3033.png,3864УНҮ
3034.png,5585СЭА
3035.png,3772УНЯ
3036.png,2762УБР
3037.png,5838УБВ
3038.png,9200ДАР
3039.png,9879УБО
3040.png,1310СБА
3041.png,9001ОРО
3042.png,2154УНЧ
3043.png,0039УНЕ
3044.png,4068УНӨ
3045.png,5855УБӨ
3046.png,8388УБС
3047.png,7574УНМ
3048.png,2000УБД
3049.png,2688УБН
3050.png,5689УНИ
3051.png,1482СЭА
3052.png,2807УБА
3053.png,9870СЭА
3054.png,3121ОРА
3055.png,4840УНМ
3056.png,6624ТӨВ
3057.png,3633УНЛ
3058.png,2878ДАР
3059.png,1795УБС
3060.png,0900УБЧ
3061.png,7117СББ
3062.png,2833УБК
3063.png,7159УНБ
3064.png,8221УНО
3065.png,7524ДАХ
3066.png,8862УНА
3067.png,1583ДАР
3068.png,1948СЭҮ
3069.png,2787УБХ
3070.png,5403ХӨВ
3071.png,4873ДАХ
3072.png,7891СЭҮ
3073.png,7600УНЛ
3074.png,3597УНВ
3075.png,1172УНҮ
3076.png,7342УНВ
3077.png,9606СЭА
3078.png,0301УБХ
3079.png,1019ОРА
3080.png,4358ДАР
3081.png,7541УБП
3082.png,4617ДАР
3083.png,2443СЭА
3084.png,9980УБС
3085.png,4908УБС
3086.png,1997ДАХ
3087.png,0716УБЦ
3088.png,9075ДАХ
3089.png,3632УНЯ
3090.png,2631УНЦ
3091.png,3069СБА
3092.png,6660СЭА
3093.png,9498УНО
3094.png,6164ОРХ
3095.png,2894УБЗ
3096.png,6068УНЕ
3097.png,9938УБЧ
3098.png,5189БУА
3099.png,1011СЭА
3100.png,7424ХӨА
3101.png,6125УБВ
3102.png,2145УНТ
3103.png,2772БУЛ
3104.png,9904УНӨ
3105.png,9167УБС
3106.png,7083УБТ
3107.png,0482УБИ
3108.png,5284УНҮ
3109.png,0103ТӨВ
3110.png,1056УББ
3111.png,9645ДӨА
3112.png,8054УБН
3113.png,9322УНД
3114.png,0525УБЧ
3115.png,2242УБН
3116.png,7634УНХ
3117.png,6938УБҮ
3118.png,5721ДАХ
3119.png,8328ТӨВ
3120.png,3431ТӨА
3121.png,7525УНЦ
3122.png,2679ТӨА
3123.png,6797СЭҮ
3124.png,1742ДАР
3125.png,6630УБМ
3126.png,3214ДАР
3127.png,7575УБМ
3128.png,4188УНС
3129.png,4779ОРА
3130.png,5387ТӨВ
3131.png,7813УНБ
3132.png,1976ДӨА
3133.png,4577ОРХ
3134.png,0753ДАР
3135.png,3510УНЛ
3136.png,7159УНБ
3137.png,3166УНЧ
3138.png,3448УНБ
3139.png,5864СЭА
3140.png,0111УНИ
3141.png,4993УБН
3142.png,7145УБМ
3143.png,4598УБК
3144.png,0002УБЯ
3145.png,8073УНГ
3146.png,5030УБС
3147.png,4735УНП
3148.png,9969ТӨА
3149.png,1126УБК
3150.png,7134УНК
3151.png,9969ТӨА
3152.png,3918УНЗ
3153.png,7095УНК
3154.png,7007ДАХ
3155.png,7269УБВ
3156.png,7035ДАХ
3157.png,0446УБН
3158.png,3970УБТ
3159.png,3589УНМ
3160.png,3173ОРА
3161.png,3707УНО
3162.png,9778УНБ
3163.png,2440СЭҮ
3164.png,9075УБК
3165.png,0084УБК
3166.png,6049ТӨА
3167.png,0980ТӨА
3168.png,7780УНӨ
3169.png,1611УНО
3170.png,0650УБГ
3171.png,7473ТӨА
3172.png,9283ДАР
3173.png,9272УБВ
3174.png,0036СЭҮ
3175.png,8544УБХ
3176.png,0538УБМ
3177.png,0354ДАР
3178.png,1422УНК
3179.png,7085УНӨ
3180.png,1843УБЭ
3181.png,6432ДАР
3182.png,1555УБГ
3183.png,5576УНЕ
3184.png,9295УБИ
3185.png,4738ОРО
3186.png,1118УБК
3187.png,8146ДАР
3188.png,1026УНД
3189.png,2434УБП
3190.png,9277УНО
3191.png,0858ДАР
3192.png,2869УНӨ
3193.png,0583ДАХ
3194.png,3919УББ
3195.png,8299УБВ
3196.png,5225ОРО
3197.png,4745УБЯ
3198.png,9498УНО
3199.png,4293УНТ
3200.png,7016УБВ
3201.png,4446УБМ
3202.png,6487УББ
3203.png,7006УБЦ
3204.png,4725УБП
3205.png,7328ДАР
3206.png,4655УБЕ
3207.png,5176УБД
3208.png,9515ДӨА
3209.png,1396СЭҮ
3210.png,5876УБЦ
3211.png,4307УБХ
3212.png,5163УНД
3213.png,6988СЭА
3214.png,7293СЭА
3215.png,3175УНЭ
3216.png,4001УНХ
3217.png,6392ОРА
3218.png,1511УНЯ
3219.png,3604УНӨ
3220.png,3501УБӨ
3221.png,1358ТӨВ
3222.png,0286УНЕ
3223.png,9829УНҮ
3224.png,3632УБУ
3225.png,7116УНЛ
3226.png,6599УБО
3227.png,2250УБК
3228.png,2664УБН
3229.png,1010ДАА
3230.png,3743УНТ
3231.png,5546ДАР
3232.png,7168УНЯ
3233.png,7080УНЭ
3234.png,1989УНӨ
3235.png,5018УНЕ
3236.png,9369УНН
3237.png,9193ОРО
3238.png,7524ДАХ
3239.png,6322ТӨА
3240.png,3389УБП
3241.png,4010УНД
3242.png,7626УНҮ
3243.png,7272УБЛ
3244.png,6563ОРХ
3245.png,3043УБӨ
3246.png,0026СЭА
3247.png,3349ДАА
3248.png,0181УБЦ
3249.png,0686ОРХ
3250.png,6610УНЧ
3251.png,6939УНМ
3252.png,2655УНД
3253.png,9272УБВ
3254.png,9574УБК
3255.png,0728УБО
3256.png,1676УБР
3257.png,4750УНС
3258.png,2410ОРО
3259.png,4656УБК
3260.png,6088УБЕ
3261.png,2377ДБР
3262.png,1913УБН
3263.png,1777УБИ
3264.png,4292ТӨВ
3265.png,6776БНА
3266.png,0226ТӨА
3267.png,6671УНЗ
3268.png,4554УНӨ
3269.png,6468ДАР
3270.png,9355УНВ
3271.png,2582УБК
3272.png,9694ДАР
3273.png,0982УБН
3274.png,6689УНТ
3275.png,1685УБЦ
3276.png,6872УБЛ
3277.png,2929УНҮ
3278.png,9903ОРО
3279.png,2250ОРО
3280.png,9495ОРО
3281.png,9587УНТ
3282.png,6904ТӨВ
3283.png,4189УБЭ
3284.png,8417УНЧ
3285.png,5619УБХ
3286.png,1998ДАА
3287.png,5935УБТ
3288.png,7788УНЯ
3289.png,8084ДӨА
3290.png,0659УНӨ
3291.png,5640УБЭ
3292.png,2040УНЗ
3293.png,5897ДАР
3294.png,6159УНН
3295.png,9407УНР
3296.png,1535ХӨҮ
3297.png,0484УНИ
3298.png,9609УНМ
3299.png,5950ОРО
3300.png,1846УНҮ
3301.png,8953СЭҮ
3302.png,3763СЭА
3303.png,7562УБӨ
3304.png,1646УБН
3305.png,1736УБҮ
3306.png,5332ДАХ
3307.png,1962УНО
3308.png,4569ДАР
3309.png,9052УБҮ
3310.png,8010УНЗ
3311.png,0617ТӨВ
3312.png,8714УБК
3313.png,9894УНЗ
3314.png,1838ДАР
3315.png,2673УБО
3316.png,0798УНЧ
3317.png,7969УНХ
3318.png,5264УБД
3319.png,9358УНК
3320.png,4430УБҮ
3321.png,3597УНВ
3322.png,0582ДАХ
3323.png,6056УНЕ
3324.png,8223УБР
3325.png,6671УНЗ
3326.png,1414ХЦА
3327.png,8347УБЦ
3328.png,3871УБЕ
3329.png,6453УНЭ
3330.png,0118УБУ
3331.png,5405УБУ
3332.png,4218УБВ
3333.png,8163УНП
3334.png,0444ДАХ
3335.png,5918УНК
3336.png,6978ОРО
3337.png,0222СЭА
3338.png,8018ТӨА
3339.png,1166ОРО
3340.png,9855ОРА
3341.png,1376УНР
3342.png,0788ОРА
3343.png,4389УБО
3344.png,2381ОРО
3345.png,8668УНА
3346.png,5656УНХ
3347.png,6604ОРХ
3348.png,4790УБВ
3349.png,1626УБГ
3350.png,3157УБХ
3351.png,4262ОРА
3352.png,8806УНН
3353.png,9113УНУ
3354.png,2571УНД
3355.png,5669СЭА
3356.png,1907УНГ
3357.png,8409УНН
3358.png,5945ДАР
3359.png,6932ТӨА
3360.png,8453УНХ
3361.png,3023СЭА
3362.png,9137УБП
3363.png,9484УБЗ
3364.png,5777УБВ
3365.png,5296СЭА
3366.png,6152ДӨВ
3367.png,4758УНН
3368.png,0331ДАР
3369.png,2472БУЛ
3370.png,4638УБТ
3371.png,2454СЭА
3372.png,9269УНӨ
3373.png,4989ОРО
3374.png,7260УБЗ
3375.png,4754УБЭ
3376.png,6564УБЧ
3377.png,3302УБЗ
3378.png,1481УНГ
3379.png,1628УНХ
3380.png,7141УБЭ
3381.png,8318ДАР
3382.png,8287УНУ
3383.png,5981УБО
3384.png,3420УБО
3385.png,6000ХӨҮ
3386.png,0117УБН
3387.png,5759УБЭ
3388.png,5634УБР
3389.png,0951ТӨВ
3390.png,9340ОРО
3391.png,4990УБП
3392.png,6881ТӨА
3393.png,9992УБС
3394.png,3501УБӨ
3395.png,0269УБМ
3396.png,1203ДАР
3397.png,6284ОРХ
3398.png,1000УНХ
3399.png,0677УБО
3400.png,7717ОРО
3401.png,2006УБР
3402.png,6098УНТ
3403.png,5701ХӨА
3404.png,8473УНЕ
3405.png,5261УНМ
3406.png,9478ОРО
3407.png,3117ДАХ
3408.png,4372ДАХ
3409.png,8934УБЧ
3410.png,8827УБГ
3411.png,1763УНЭ
3412.png,6802СЭҮ
3413.png,8857УНЭ
3414.png,8355УНК
3415.png,2279ДАХ
3416.png,0265УБУ
3417.png,4427ДАХ
3418.png,6807УНИ
3419.png,5209УБЧ
3420.png,5192УНЦ
3421.png,7702ӨВР
3422.png,6311УБТ
3423.png,2842УНХ
3424.png,3825УБО
3425.png,1849БРА
3426.png,3295ОРО
3427.png,2529УНЯ
3428.png,8930УНА
3429.png,9659ДАР
3430.png,7155УБР
3431.png,2000УБД
3432.png,7615УБҮ
3433.png,4018УНК
3434.png,6498УБС
3435.png,2316УБЦ
3436.png,9186УНК
3437.png,1134ОРА
3438.png,0697УНО
3439.png,5257УБЕ
3440.png,7135УНБ
3441.png,1808УНР
3442.png,0269ДАР
3443.png,4280ДАХ
3444.png,1790ОРА
3445.png,9441СЭА
3446.png,6325УБА
3447.png,2072ДАХ
3448.png,6212УВА
3449.png,9963УБХ
3450.png,0087УБӨ
3451.png,1862УНП
3452.png,7058УБЭ
3453.png,6782УНР
3454.png,3042СЭҮ
3455.png,0192ДАР
3456.png,4601СЭА
3457.png,8514СЭҮ
3458.png,0098УНЦ
3459.png,4996УНХ
3460.png,0777ОРА
3461.png,6876УНД
3462.png,1663УБО
3463.png,5506УБТ
3464.png,5279УНБ
3465.png,3887УБЦ
3466.png,4525УНС
3467.png,7962ДӨА
3468.png,0227УНӨ
3469.png,1969УНН
3470.png,1107ТӨҮ
3471.png,8554УНЕ
3472.png,2880ДӨА
3473.png,4093УНЭ
3474.png,8579УНВ
3475.png,2196ТӨВ
3476.png,5540ДАХ
3477.png,4404УНЭ
3478.png,8419ОРО
3479.png,2475УНГ
3480.png,3887УБЦ
3481.png,3364ДАР
3482.png,9907УБЭ
3483.png,9704УНТ
3484.png,3444ОРХ
3485.png,1800СБА
3486.png,5121УНЕ
3487.png,8604УБЕ
3488.png,2744СЭҮ
3489.png,0920УБО
3490.png,3501УБӨ
3491.png,4463УНИ
3492.png,5516УБГ
3493.png,0522ТӨВ
3494.png,2253ДАР
3495.png,0270УНА
3496.png,5583ОРХ
3497.png,7159УНН
3498.png,9279УНЧ
3499.png,6875УНХ
3500.png,8899СБА
3501.png,4897УБӨ
3502.png,0722УБК
3503.png,0101УБГ
3504.png,9097ТӨА
3505.png,8628УНО
3506.png,4771ДГО
3507.png,0959УНО
3508.png,3790УНМ
3509.png,6123ДАР
3510.png,0475УБУ
3511.png,6659УНБ
3512.png,2820БУЛ
3513.png,0193УБҮ
3514.png,8889ДАА
3515.png,9782УНН
3516.png,4171УБӨ
3517.png,3600ОРО
3518.png,1754УБӨ
3519.png,3765ОРА
3520.png,6141УБА
3521.png,7576ХӨҮ
3522.png,9011УБП
3523.png,3820УНД
3524.png,0419УНМ
3525.png,9964УБӨ
3526.png,5079ОРХ
3527.png,7008БУЛ
3528.png,9253УБҮ
3529.png,0002БНА
3530.png,7299БУЛ
3531.png,1522УНУ
3532.png,3271УБЧ
3533.png,5163ОРА
3534.png,6582ДАХ
3535.png,9592УБҮ
3536.png,0750УБП
3537.png,0424ДАР
3538.png,0257УБК
3539.png,5178УНР
3540.png,1908УБЛ
3541.png,3786ДАР
3542.png,6392УНЦ
3543.png,9678ОРХ
3544.png,4238УБИ
3545.png,4947УБЛ
3546.png,9894УНЗ
3547.png,1000ДӨА
3548.png,1163УБЯ
3549.png,3449БУЛ
3550.png,1868УБК
3551.png,8263УНК
3552.png,8676УВХ
3553.png,3122ОРХ
3554.png,6839УНЗ
3555.png,5209УНЭ
3556.png,8593ОРХ
3557.png,4567ОРО
3558.png,8735УНВ
3559.png,0864УНК
3560.png,2822УНО
3561.png,8898УНИ
3562.png,6993СЭҮ
3563.png,0855УБП
3564.png,7599ДАХ
3565.png,3865УНК
3566.png,5189БУА
3567.png,7021СЭА
3568.png,9552УНЕ
3569.png,5607УБЗ
3570.png,8734УНО
3571.png,3801УНМ
3572.png,9528ДАР
3573.png,1074УНУ
3574.png,3950УБИ
3575.png,4781УНЗ
3576.png,0623УБК
3577.png,0708ДАХ
3578.png,2528ДАР
3579.png,0522ТӨВ
3580.png,8775УБЛ
3581.png,3798УНУ
3582.png,3774УБГ
3583.png,9294УБҮ
3584.png,5026ДАХ
3585.png,1617ДАА
3586.png,9754УНЕ
3587.png,1695УББ
3588.png,6471УНЦ
3589.png,5097ДАР
3590.png,0826УНО
3591.png,6105УНС
3592.png,4572УБЯ
3593.png,7512УББ
3594.png,0920ОРХ
3595.png,8991ОРХ
3596.png,6713УНИ
3597.png,1107ТӨҮ
3598.png,0641УНМ
3599.png,2131УБЕ
3600.png,8353УБУ
3601.png,0789ДАР
3602.png,6354УНИ
3603.png,0060ОРХ
3604.png,6869СЭҮ
3605.png,1485УБН
3606.png,0231УБН
3607.png,8616УНГ
3608.png,5798УНС
3609.png,8982СЭА
3610.png,7629ДБР
3611.png,4589УНК
3612.png,2928УНД
3613.png,1571УБГ
3614.png,0072УББ
3615.png,4674ОРА
3616.png,1296УНҮ
3617.png,3545УБД
3618.png,4216ДАР
3619.png,2144УБТ
3620.png,8203УБМ
3621.png,6773ТӨВ
3622.png,8789СЭА
3623.png,5227УНП
3624.png,6995УБЗ
3625.png,7693УНБ
3626.png,1175УНР
3627.png,0284УНС
3628.png,2339ОРА
3629.png,0826УНО
3630.png,2066УБВ
3631.png,8196УБЕ
3632.png,8263УНУ
3633.png,0577ДАР
3634.png,3481ДӨА
3635.png,1102УНЧ
3636.png,5226УБИ
3637.png,9818УНЕ
3638.png,2377ДАР
3639.png,7942УНҮ
3640.png,0329УНС
3641.png,9616УБЧ
3642.png,9785УНД
3643.png,8543УБЧ
3644.png,4542СЭҮ
3645.png,3802ДАХ
3646.png,0423УНВ
3647.png,8777ДГО
3648.png,9070УНР
3649.png,3252ТӨВ
3650.png,6638УНН
3651.png,7798ТӨА
3652.png,5047ОРХ
3653.png,8011ОРХ
3654.png,4872УБА
3655.png,7708ДАХ
3656.png,4973УНЦ
3657.png,0877ОРА
3658.png,4863УНҮ
3659.png,8188УБЭ
3660.png,3518УНР
3661.png,0496УБҮ
3662.png,8735ТӨА
3663.png,1949УНО
3664.png,3887УБЦ
3665.png,1553ДАХ
3666.png,9075УБК
3667.png,9886ХӨҮ
3668.png,2355УНС
3669.png,1463УБЛ
3670.png,3569СЭА
3671.png,9821УНС
3672.png,7518УБГ
3673.png,4998ОРА
3674.png,8605УНЭ
3675.png,7656УБТ
3676.png,8650УНИ
3677.png,4832УБУ
3678.png,7135УНБ
3679.png,3790УБП
3680.png,4439УБР
3681.png,1053УБГ
3682.png,4359УНБ
3683.png,4909УБГ
3684.png,9787УБТ
3685.png,0028ДАА
3686.png,5514СЭА
3687.png,8936УНМ
3688.png,5619ОРО
3689.png,5139СЭҮ
3690.png,0772УБН
3691.png,0999СЭҮ
3692.png,7234ДАХ
3693.png,0638ДАР
3694.png,8857УБТ
3695.png,6138СЭА
3696.png,9702ДАР
3697.png,0097УНЯ
